Timestamp [ms],CPU usage [%],Memory usage [KB],Disk read throughput [KB/s],Disk write throughput [KB/s],Network received throughput [KB/s],Network transmitted throughput [KB/s]
2013-08-12 13:40:46,0.5395833333333333,0.0,0.0666666666666666,39.2,4.8,1.2666666666666666
2013-08-12 13:45:46,0.5291666666666667,0.0,0.0666666666666666,28.4,4.6,0.6666666666666666
2013-08-12 13:50:46,0.5625,0.0,0.0666666666666666,39.53333333333334,4.866666666666666,1.1333333333333333
2013-08-12 13:55:46,0.56875,0.0,0.0666666666666666,28.0,4.8,1.1333333333333333
2013-08-12 14:00:46,0.575,0.0,0.0666666666666666,36.46666666666667,4.933333333333334,1.8666666666666667
2013-08-12 14:05:46,0.6208333333333333,0.0,0.0666666666666666,32.333333333333336,4.733333333333333,1.2666666666666666
2013-08-12 14:10:46,0.5229166666666667,0.0,0.0666666666666666,27.4,4.866666666666666,1.3333333333333333
2013-08-12 14:15:46,0.5291666666666667,0.0,0.5333333333333333,45.73333333333333,5.0,0.7333333333333333
2013-08-12 14:20:46,0.5520833333333334,0.0,0.0666666666666666,28.73333333333333,4.8,1.2
2013-08-12 14:25:46,0.5729166666666666,0.0,0.1333333333333333,38.93333333333334,4.666666666666667,1.1333333333333333
2013-08-12 14:30:46,0.55625,0.0,0.0666666666666666,27.933333333333334,4.866666666666666,1.2
2013-08-12 14:35:46,0.58125,0.0,0.0666666666666666,39.86666666666667,4.8,1.2666666666666666
2013-08-12 14:40:46,0.60625,0.0,0.0666666666666666,28.2,4.866666666666666,1.4
2013-08-12 14:45:46,0.5166666666666666,0.0,0.0666666666666666,39.8,4.733333333333333,0.5333333333333333
2013-08-12 14:50:46,0.5583333333333333,0.0,0.0666666666666666,27.266666666666666,4.866666666666666,1.2666666666666666
2013-08-12 14:55:46,0.5729166666666666,1073740.8,0.1333333333333333,39.93333333333334,4.866666666666666,1.1333333333333333
2013-08-12 15:00:46,0.5625,178956.8,0.0666666666666666,29.4,4.866666666666666,1.6666666666666667
2013-08-12 15:05:46,0.5729166666666666,0.0,0.1333333333333333,39.06666666666667,4.866666666666666,1.2666666666666666
2013-08-12 15:10:46,0.5458333333333334,0.0,0.0666666666666666,27.73333333333333,4.733333333333333,1.1333333333333333
2013-08-12 15:15:46,0.5208333333333334,0.0,0.0,38.73333333333333,4.733333333333333,0.6666666666666666
2013-08-12 15:20:46,0.5958333333333333,0.0,0.1333333333333333,27.46666666666667,4.733333333333333,1.0666666666666669
2013-08-12 15:25:46,0.5708333333333333,0.0,0.0666666666666666,39.06666666666666,4.666666666666667,1.1333333333333333
2013-08-12 15:30:46,0.5666666666666667,0.0,0.0666666666666666,27.2,4.866666666666666,1.2666666666666666
2013-08-12 15:35:46,0.6979166666666667,178956.8,161.13333333333333,60.66666666666667,4.8,1.6666666666666667
2013-08-12 15:40:46,0.5333333333333333,1700089.6,0.0666666666666666,28.066666666666663,4.866666666666666,1.3333333333333333
2013-08-12 15:45:46,0.5979166666666667,0.0,31.866666666666667,44.0,4.866666666666666,0.5333333333333333
2013-08-12 15:50:47,0.6020833333333333,0.0,0.0666666666666666,28.4,4.733333333333333,1.2666666666666666
2013-08-12 15:55:47,0.56875,0.0,0.1333333333333333,38.93333333333333,4.8,1.1333333333333333
2013-08-12 16:00:47,0.5770833333333334,268435.2,0.0666666666666666,34.0,5.066666666666666,2.0
2013-08-12 16:05:47,0.5770833333333334,0.0,0.1333333333333333,39.13333333333333,4.933333333333334,1.1333333333333333
2013-08-12 16:10:47,0.51875,0.0,0.0,27.6,4.8,1.1333333333333333
2013-08-12 16:15:47,0.5458333333333334,894784.0,0.0666666666666666,39.8,4.733333333333333,0.6
2013-08-12 16:20:47,0.5625,715827.2,0.0666666666666666,26.933333333333334,4.866666666666666,1.1333333333333333
2013-08-12 16:25:47,0.6229166666666667,0.0,0.1333333333333333,40.06666666666667,4.866666666666666,1.4
2013-08-12 16:30:47,0.5604166666666667,0.0,0.1333333333333333,27.2,4.733333333333333,1.2
2013-08-12 16:35:47,0.5604166666666667,0.0,0.0666666666666666,40.2,4.733333333333333,1.2666666666666666
2013-08-12 16:40:47,0.5020833333333333,0.0,0.0666666666666666,27.066666666666663,4.733333333333333,0.5333333333333333
2013-08-12 16:45:47,0.55625,0.0,0.0666666666666666,39.333333333333336,4.733333333333333,1.0666666666666669
2013-08-12 16:50:47,0.5604166666666667,0.0,0.0666666666666666,27.73333333333333,4.666666666666667,1.1333333333333333
2013-08-12 16:55:47,0.5791666666666666,0.0,0.1333333333333333,38.73333333333333,4.533333333333333,1.0666666666666669
2013-08-12 17:00:47,0.6333333333333333,89478.4,0.2,29.266666666666666,4.666666666666667,1.933333333333333
2013-08-12 17:05:47,0.5645833333333333,178956.8,0.0,38.6,4.733333333333333,1.1333333333333333
2013-08-12 17:10:47,0.49375,0.0,0.1333333333333333,28.466666666666665,4.666666666666667,0.7333333333333333
2013-08-12 17:15:47,0.5645833333333333,0.0,0.0666666666666666,39.4,4.866666666666666,0.9333333333333332
2013-08-12 17:20:47,0.5583333333333333,0.0,0.0666666666666666,27.066666666666663,4.733333333333333,1.2666666666666666
2013-08-12 17:25:47,0.5729166666666666,0.0,0.0666666666666666,39.2,4.666666666666667,1.1333333333333333
2013-08-12 17:30:47,0.5583333333333333,0.0,0.1333333333333333,27.53333333333333,4.733333333333333,1.3333333333333333
2013-08-12 17:35:47,0.6354166666666666,0.0,0.0666666666666666,39.4,4.8,1.3333333333333333
2013-08-12 17:40:47,0.4875,0.0,0.0666666666666666,27.266666666666666,4.733333333333333,0.5333333333333333
2013-08-12 17:45:47,0.5729166666666666,0.0,0.0666666666666666,39.33333333333333,4.8,1.0666666666666669
2013-08-12 17:50:47,0.5625,447392.0,0.1333333333333333,32.33333333333333,4.933333333333334,1.2666666666666666
2013-08-12 17:55:47,0.5645833333333333,268435.2,0.0666666666666666,39.6,4.733333333333333,1.3333333333333333
2013-08-12 18:00:47,0.5625,0.0,0.0666666666666666,29.666666666666668,4.733333333333333,1.7333333333333334
2013-08-12 18:05:47,0.575,268435.2,0.1333333333333333,38.8,4.733333333333333,1.2666666666666666
2013-08-12 18:10:47,0.5645833333333333,0.0,0.0666666666666666,27.6,4.8,1.3333333333333333
2013-08-12 18:15:47,0.5416666666666666,0.0,0.0666666666666666,40.13333333333333,4.733333333333333,0.4
2013-08-12 18:20:47,0.56875,0.0,0.0666666666666666,26.866666666666667,4.866666666666666,1.2
2013-08-12 18:25:47,0.575,0.0,0.0666666666666666,39.46666666666667,4.733333333333333,1.1333333333333333
2013-08-12 18:30:47,0.5666666666666667,268435.2,0.0666666666666666,28.2,4.733333333333333,1.2
2013-08-12 18:35:47,0.5708333333333333,0.0,0.1333333333333333,38.86666666666667,4.733333333333333,1.1333333333333333
2013-08-12 18:40:47,0.5458333333333334,0.0,0.0666666666666666,28.066666666666663,4.866666666666666,1.4666666666666666
2013-08-12 18:45:47,0.5229166666666667,0.0,0.0666666666666666,39.13333333333333,4.666666666666667,0.5333333333333333
2013-08-12 18:50:47,0.5979166666666667,0.0,0.1333333333333333,28.33333333333333,4.866666666666666,1.2666666666666666
2013-08-12 18:55:47,0.5666666666666667,0.0,0.0666666666666666,39.06666666666667,4.866666666666666,1.2
2013-08-12 19:00:47,0.5645833333333333,0.0,0.0666666666666666,29.33333333333333,4.666666666666667,1.7333333333333334
2013-08-12 19:05:47,0.5729166666666666,0.0,0.1333333333333333,39.6,4.733333333333333,1.1333333333333333
2013-08-12 19:10:47,0.5520833333333334,0.0,0.0,26.8,4.8,1.2666666666666666
2013-08-12 19:15:47,0.5166666666666666,0.0,0.1333333333333333,40.6,4.866666666666666,0.6
2013-08-12 19:20:47,0.5583333333333333,0.0,0.0666666666666666,28.73333333333333,4.733333333333333,1.0666666666666669
2013-08-12 19:25:47,0.61875,268435.2,0.1333333333333333,39.2,4.666666666666667,1.4
2013-08-12 19:30:47,0.56875,0.0,0.0666666666666666,26.933333333333334,4.733333333333333,1.1333333333333333
2013-08-12 19:35:47,0.5520833333333334,0.0,0.0666666666666666,38.66666666666667,4.733333333333333,1.2
2013-08-12 19:40:47,0.51875,0.0,0.0666666666666666,27.8,4.8,0.5333333333333333
2013-08-12 19:45:47,0.5395833333333333,0.0,0.0666666666666666,28.6,4.8,1.2
2013-08-12 19:50:47,0.58125,0.0,0.1333333333333333,44.46666666666667,5.0,1.2666666666666666
2013-08-12 19:55:47,0.56875,0.0,0.0666666666666666,27.933333333333334,4.733333333333333,1.2666666666666666
2013-08-12 20:00:47,0.64375,0.0,0.2,29.0,4.733333333333333,2.0
2013-08-12 20:05:47,0.5416666666666666,0.0,0.1333333333333333,27.53333333333333,4.8,0.6666666666666666
2013-08-12 20:10:48,0.4958333333333333,0.0,0.0,39.2,4.666666666666667,0.4
2013-08-12 20:15:48,0.5333333333333333,0.0,0.0666666666666666,27.6,4.733333333333333,0.6
2013-08-12 20:20:48,0.5416666666666666,715827.2,0.0666666666666666,38.8,4.666666666666667,0.6666666666666666
2013-08-12 20:25:48,0.5333333333333333,89478.4,0.0,26.8,4.6,0.7333333333333333
2013-08-12 20:30:48,0.5354166666666667,0.0,0.0666666666666666,38.66666666666666,4.733333333333333,0.5333333333333333
2013-08-12 20:35:48,0.5,0.0,0.0666666666666666,28.666666666666668,4.666666666666667,0.3333333333333333
2013-08-12 20:40:48,0.5541666666666667,0.0,0.0666666666666666,56.6,4.8,0.6
2013-08-12 20:45:48,0.5458333333333334,0.0,0.0,27.266666666666666,4.733333333333333,0.5333333333333333
2013-08-12 20:50:48,0.55,0.0,0.0666666666666666,39.06666666666667,4.666666666666667,0.6666666666666666
2013-08-12 20:55:48,0.5541666666666667,715827.2,0.1333333333333333,27.73333333333333,4.666666666666667,1.1333333333333333
2013-08-12 21:00:48,0.53125,626348.8,0.2,40.13333333333334,4.6,1.0
2013-08-12 21:05:48,0.50625,0.0,0.0,28.53333333333333,4.733333333333333,0.4666666666666667
2013-08-12 21:10:48,0.54375,268435.2,0.0666666666666666,39.2,4.733333333333333,0.5333333333333333
2013-08-12 21:15:48,0.5333333333333333,0.0,0.0666666666666666,27.133333333333333,4.733333333333333,0.7333333333333333
2013-08-12 21:20:48,0.5583333333333333,268435.2,0.2666666666666666,44.53333333333333,4.866666666666666,0.8666666666666667
2013-08-12 21:25:48,0.48125,268435.2,0.0,27.266666666666666,4.666666666666667,0.4666666666666667
2013-08-12 21:30:48,0.55,0.0,0.0666666666666666,38.93333333333333,4.933333333333334,0.6
2013-08-12 21:35:48,0.5333333333333333,0.0,0.0666666666666666,27.4,4.8,0.7333333333333333
2013-08-12 21:40:48,0.5416666666666666,0.0,0.0666666666666666,39.0,4.733333333333333,0.6
2013-08-12 21:45:48,0.5229166666666667,0.0,0.0,26.933333333333334,4.666666666666667,0.9333333333333332
2013-08-12 21:50:48,0.5833333333333334,0.0,0.0666666666666666,40.73333333333333,4.666666666666667,0.8666666666666667
2013-08-12 21:55:48,0.53125,0.0,0.0666666666666666,27.266666666666666,4.733333333333333,0.6666666666666666
2013-08-12 22:00:48,0.54375,0.0,0.0666666666666666,34.33333333333333,2.8,1.2
2013-08-12 22:05:48,0.4604166666666666,0.0,0.0,9.666666666666666,0.0,0.3333333333333333
2013-08-12 22:10:48,0.5375,0.0,0.1333333333333333,21.133333333333333,0.0,1.2
2013-08-12 22:15:48,0.4604166666666666,0.0,0.0,10.0,0.0,0.3333333333333333
2013-08-12 22:20:48,0.5375,0.0,0.1333333333333333,21.133333333333333,0.0,1.0666666666666669
2013-08-12 22:25:48,0.4541666666666666,0.0,0.0,9.466666666666669,0.0,0.4666666666666667
2013-08-12 22:30:48,0.5416666666666666,0.0,0.0666666666666666,21.266666666666666,0.0,1.1333333333333333
2013-08-12 22:35:48,0.45625,0.0,0.0666666666666666,9.6,0.0,0.4666666666666667
2013-08-12 22:40:48,0.5458333333333334,536870.4,0.0666666666666666,20.866666666666667,0.0,1.1333333333333333
2013-08-12 22:45:48,0.45625,536870.4,0.0666666666666666,9.666666666666666,0.0,0.4666666666666667
2013-08-12 22:50:48,0.55,0.0,0.0666666666666666,21.066666666666663,0.0,1.1333333333333333
2013-08-12 22:55:48,0.45625,0.0,0.0666666666666666,9.666666666666668,0.0,0.4
2013-08-12 23:00:48,0.5479166666666666,0.0,0.1333333333333333,22.6,0.0,1.6
2013-08-12 23:05:49,0.4645833333333333,0.0,0.0,9.933333333333334,0.0,0.3333333333333333
2013-08-12 23:10:49,0.5229166666666667,0.0,0.0666666666666666,21.066666666666663,0.0,0.6666666666666666
2013-08-12 23:15:49,0.5458333333333334,0.0,0.5333333333333333,14.6,0.2,1.0666666666666669
2013-08-12 23:20:49,0.4958333333333333,0.0,0.0666666666666666,21.73333333333333,0.0,0.4666666666666667
2013-08-12 23:25:49,0.5729166666666666,0.0,0.0666666666666666,9.2,0.0,1.0
2013-08-12 23:30:49,0.50625,0.0,0.0714285714285714,10.285714285714285,0.0,0.4666666666666667
2013-08-12 23:35:49,0.5895833333333333,0.0,0.0714285714285714,9.214285714285714,0.0,1.1333333333333333
2013-08-12 23:40:49,0.5104166666666666,0.0,0.0666666666666666,21.73333333333333,0.0,0.4
2013-08-12 23:45:49,0.5895833333333333,0.0,0.0666666666666666,9.2,0.0,1.1333333333333333
2013-08-12 23:50:49,0.4833333333333333,268435.2,0.0,21.53333333333333,0.0,0.3333333333333333
2013-08-12 23:55:49,0.5458333333333334,0.0,0.1333333333333333,9.8,0.0,1.3333333333333333
2013-08-13 00:00:49,0.4916666666666666,0.0,0.0666666666666666,23.8,0.0,0.8
2013-08-13 00:05:49,0.5666666666666667,0.0,0.0666666666666666,9.666666666666666,0.0,1.2666666666666666
2013-08-13 00:10:49,0.4625,0.0,0.0666666666666666,21.933333333333334,0.0,0.3333333333333333
2013-08-13 00:15:49,0.5333333333333333,0.0,0.0666666666666666,9.333333333333334,0.0,1.2666666666666666
2013-08-13 00:20:49,0.5145833333333334,0.0,0.0666666666666666,21.666666666666668,0.0,1.1333333333333333
2013-08-13 00:25:49,0.4958333333333333,0.0,0.0666666666666666,10.066666666666666,0.0,0.5333333333333333
2013-08-13 00:30:49,0.5333333333333333,0.0,0.0666666666666666,22.066666666666663,0.0,1.0
2013-08-13 00:35:49,0.5395833333333333,0.0,0.0666666666666666,9.866666666666667,0.0,1.1333333333333333
2013-08-13 00:40:49,0.5333333333333333,0.0,0.0666666666666666,21.933333333333334,0.0,1.2666666666666666
2013-08-13 00:45:49,0.5333333333333333,0.0,0.1333333333333333,10.666666666666666,0.0,1.1333333333333333
2013-08-13 00:50:49,0.525,0.0,0.1333333333333333,21.8,0.0,1.0666666666666669
2013-08-13 00:55:49,0.5395833333333333,89478.4,0.0666666666666666,10.133333333333333,0.0,1.2666666666666666
2013-08-13 01:00:49,0.53125,715827.2,0.0666666666666666,22.866666666666667,0.0,1.6
2013-08-13 01:05:49,0.5020833333333333,0.0,0.0666666666666666,10.933333333333334,0.0,0.6
2013-08-13 01:10:49,0.5208333333333334,268435.2,0.0666666666666666,26.266666666666666,0.2666666666666666,1.0666666666666669
2013-08-13 01:15:49,0.5416666666666666,0.0,0.0666666666666666,10.4,0.0,1.2666666666666666
2013-08-13 01:20:49,0.5291666666666667,0.0,0.0666666666666666,10.066666666666666,0.0,1.0666666666666669
2013-08-13 01:25:49,0.54375,0.0,0.0666666666666666,21.666666666666668,0.0,1.2666666666666666
2013-08-13 01:30:49,0.5291666666666667,0.0,0.1333333333333333,10.133333333333333,0.0,1.1333333333333333
2013-08-13 01:35:49,0.5416666666666666,0.0,0.0666666666666666,22.466666666666665,0.0,1.2666666666666666
2013-08-13 01:40:49,0.5291666666666667,0.0,0.0666666666666666,10.133333333333333,0.0,1.0
2013-08-13 01:45:49,0.4958333333333333,0.0,0.0666666666666666,22.46666666666667,0.0,1.3333333333333333
2013-08-13 01:50:49,0.5083333333333333,0.0,0.0666666666666666,10.133333333333333,0.0666666666666666,1.1333333333333333
2013-08-13 01:55:49,0.5520833333333334,0.0,0.1333333333333333,22.73333333333333,0.3333333333333333,1.8
2013-08-13 02:00:50,0.5416666666666666,536870.4,2.6,13.2,0.2,1.6666666666666667
2013-08-13 02:05:50,0.5479166666666666,0.0,0.0666666666666666,22.466666666666665,0.0,1.2666666666666666
2013-08-13 02:10:50,0.5270833333333333,0.0,0.1333333333333333,10.466666666666669,0.0,1.0666666666666669
2013-08-13 02:15:50,0.5458333333333334,0.0,0.0,21.53333333333333,0.0,1.2
2013-08-13 02:20:50,0.5270833333333333,0.0,0.1333333333333333,10.266666666666667,0.0,1.2666666666666666
2013-08-13 02:25:50,0.5166666666666666,0.0,0.0666666666666666,21.866666666666667,0.0,1.1333333333333333
2013-08-13 02:30:50,0.48125,0.0,0.0666666666666666,9.6,0.0,0.6666666666666666
2013-08-13 02:35:50,0.5458333333333334,0.0,0.2666666666666666,21.466666666666665,0.0,0.9333333333333332
2013-08-13 02:40:50,0.5270833333333333,0.0,0.0666666666666666,9.133333333333333,0.0,1.1333333333333333
2013-08-13 02:45:50,0.54375,0.0,0.0666666666666666,21.53333333333333,0.0,1.3333333333333333
2013-08-13 02:50:50,0.5270833333333333,536870.4,0.0666666666666666,9.666666666666666,0.0,1.0666666666666669
2013-08-13 02:55:50,0.5395833333333333,0.0,0.0666666666666666,21.666666666666668,0.0,1.2666666666666666
2013-08-13 03:00:49,0.5291666666666667,0.0,0.1333333333333333,11.133333333333333,0.0,1.6
2013-08-13 03:05:49,0.54375,0.0,14.066666666666666,34.4,0.3333333333333333,1.4
2013-08-13 03:10:49,0.4770833333333333,0.0,0.0666666666666666,9.866666666666667,0.0,0.5333333333333333
2013-08-13 03:15:49,0.5229166666666667,0.0,0.0666666666666666,21.6,0.0,0.8666666666666667
2013-08-13 03:20:49,0.53125,0.0,0.1333333333333333,9.0,0.0,1.2666666666666666
2013-08-13 03:25:49,0.5458333333333334,0.0,0.0666666666666666,21.133333333333333,0.0,1.1333333333333333
2013-08-13 03:30:50,0.5333333333333333,0.0,0.0666666666666666,9.4,0.0,1.2
2013-08-13 03:35:50,0.5479166666666666,0.0,0.0666666666666666,21.066666666666663,0.0,1.1333333333333333
2013-08-13 03:40:50,0.53125,0.0,0.0666666666666666,9.866666666666667,0.0,1.2
2013-08-13 03:45:50,0.5395833333333333,0.0,0.0666666666666666,21.933333333333334,0.0,1.2
2013-08-13 03:50:50,0.48125,0.0,0.0666666666666666,10.466666666666669,0.0,0.9333333333333332
2013-08-13 03:55:50,0.5145833333333334,0.0,0.0666666666666666,21.666666666666668,0.0,0.5333333333333333
2013-08-13 04:00:50,0.53125,0.0,0.0666666666666666,11.133333333333333,0.0,1.5333333333333334
2013-08-13 04:05:50,0.55,0.0,0.0666666666666666,21.73333333333333,0.0,1.2666666666666666
2013-08-13 04:10:50,0.53125,0.0,0.1333333333333333,9.266666666666667,0.0,1.0666666666666669
2013-08-13 04:15:50,0.5479166666666666,0.0,0.0666666666666666,21.4,0.0,1.2666666666666666
2013-08-13 04:20:50,0.5291666666666667,0.0,0.1333333333333333,9.333333333333332,0.0,1.0666666666666669
2013-08-13 04:25:50,0.5458333333333334,0.0,0.0666666666666666,21.0,0.0,1.2666666666666666
2013-08-13 04:30:50,0.4875,268435.2,0.0666666666666666,9.066666666666666,0.0,1.1333333333333333
2013-08-13 04:35:50,0.5041666666666667,0.0,0.0666666666666666,25.6,0.2,0.8
2013-08-13 04:40:50,0.5208333333333334,626348.8,0.1333333333333333,9.266666666666666,0.0,0.8666666666666667
2013-08-13 04:45:50,0.5416666666666666,89478.4,0.0666666666666666,20.866666666666667,0.0,1.2666666666666666
2013-08-13 04:50:50,0.5354166666666667,0.0,0.0666666666666666,9.0,0.0,1.1333333333333333
2013-08-13 04:55:50,0.55,0.0,0.1333333333333333,21.4,0.0,1.0666666666666669
2013-08-13 05:00:50,0.5416666666666666,0.0,0.2666666666666666,10.866666666666667,0.0,1.6666666666666667
2013-08-13 05:05:50,0.5479166666666666,0.0,0.1333333333333333,21.2,0.0,1.1333333333333333
2013-08-13 05:10:50,0.5104166666666666,0.0,0.0,9.333333333333334,0.0,1.2
2013-08-13 05:15:50,0.4958333333333333,0.0,0.0666666666666666,20.73333333333333,0.0,0.6
2013-08-13 05:20:50,0.50625,0.0,0.0666666666666666,9.2,0.0,1.0
2013-08-13 05:25:50,0.5416666666666666,0.0,0.1333333333333333,20.4,0.0,1.1333333333333333
2013-08-13 05:30:50,0.5229166666666667,0.0,0.0666666666666666,8.666666666666666,0.0,1.1333333333333333
2013-08-13 05:35:50,0.55,0.0,0.0666666666666666,20.933333333333334,0.0,1.1333333333333333
2013-08-13 05:40:50,0.53125,268435.2,0.0666666666666666,9.333333333333334,0.0,1.1333333333333333
2013-08-13 05:45:50,0.5479166666666666,0.0,0.0666666666666666,20.6,0.0,1.1333333333333333
2013-08-13 05:50:50,0.5229166666666667,0.0,0.1333333333333333,9.466666666666669,0.0,1.1333333333333333
2013-08-13 05:55:50,0.5166666666666666,0.0,0.0,21.133333333333333,0.0,1.0666666666666669
2013-08-13 06:00:51,0.5020833333333333,0.0,0.0666666666666666,11.266666666666666,0.0,1.4666666666666666
2013-08-13 06:05:51,0.54375,0.0,0.1333333333333333,20.73333333333333,0.0,1.0666666666666669
2013-08-13 06:10:51,0.5229166666666667,0.0,0.0666666666666666,9.2,0.0,1.2
2013-08-13 06:15:51,0.5395833333333333,0.0,0.0666666666666666,21.0,0.0,1.1333333333333333
2013-08-13 06:20:51,0.5354166666666667,0.0,0.0666666666666666,9.333333333333332,0.0,1.2666666666666666
2013-08-13 06:25:51,0.54375,0.0,0.2666666666666666,26.266666666666666,0.2666666666666666,1.2666666666666666
2013-08-13 06:30:51,0.5416666666666666,0.0,0.0666666666666666,9.266666666666666,0.0,1.1333333333333333
2013-08-13 06:35:51,0.5041666666666667,0.0,0.0666666666666666,20.866666666666667,0.0,1.0666666666666669
2013-08-13 06:40:51,0.49375,536870.4,0.0666666666666666,10.2,0.0,0.6666666666666666
2013-08-13 06:45:51,0.5333333333333333,0.0,0.0666666666666666,21.266666666666666,0.0,1.2
2013-08-13 06:50:51,0.53125,0.0,0.1333333333333333,10.2,0.0,1.0666666666666669
2013-08-13 06:55:51,0.5333333333333333,268435.2,0.0666666666666666,9.066666666666666,0.0,1.1333333333333333
2013-08-13 07:00:51,0.6625,268435.2,161.53333333333333,43.266666666666666,0.0666666666666666,2.2
2013-08-13 07:05:51,0.54375,536870.4,0.0666666666666666,9.933333333333334,0.0,1.1333333333333333
2013-08-13 07:10:51,0.6125,268435.2,31.866666666666667,27.4,0.0,1.1333333333333333
2013-08-13 07:15:51,0.5333333333333333,0.0,0.1333333333333333,18.466666666666665,0.0,1.2
2013-08-13 07:20:51,0.4895833333333333,0.0,0.0666666666666666,20.53333333333333,0.0,0.5333333333333333
2013-08-13 07:25:51,0.5208333333333334,0.0,0.0666666666666666,9.0,0.0,1.0666666666666669
2013-08-13 07:30:51,0.5333333333333333,0.0,0.0666666666666666,20.866666666666667,0.0,0.9333333333333332
2013-08-13 07:35:51,0.5333333333333333,536870.4,0.0666666666666666,9.6,0.0,1.2666666666666666
2013-08-13 07:40:51,0.5375,268435.2,0.0666666666666666,22.0,0.0,1.0
2013-08-13 07:45:51,0.5291666666666667,0.0,0.0666666666666666,9.933333333333334,0.0,1.2666666666666666
2013-08-13 07:50:51,0.5458333333333334,268435.2,0.1333333333333333,21.866666666666667,0.0,1.0666666666666669
2013-08-13 07:55:51,0.5354166666666667,0.0,0.5333333333333333,33.46666666666667,0.2666666666666666,1.4
2013-08-13 08:00:51,0.5104166666666666,0.0,0.1333333333333333,22.8,0.0,1.0
2013-08-13 08:05:51,0.5125,0.0,0.0666666666666666,10.066666666666666,0.0,1.0666666666666669
2013-08-13 08:10:51,0.5395833333333333,0.0,0.0666666666666666,21.666666666666668,0.0,1.1333333333333333
2013-08-13 08:15:51,0.53125,0.0,0.0666666666666666,10.466666666666669,0.0,1.2666666666666666
2013-08-13 08:20:51,0.5354166666666667,0.0,0.0666666666666666,21.73333333333333,0.0,1.0666666666666669
2013-08-13 08:25:51,0.5333333333333333,0.0,0.0666666666666666,10.733333333333333,0.0,1.2666666666666666
2013-08-13 08:30:51,0.5333333333333333,0.0,0.1333333333333333,21.866666666666667,0.0,1.0666666666666669
2013-08-13 08:35:51,0.5354166666666667,0.0,0.0666666666666666,9.666666666666666,0.0,1.2666666666666666
2013-08-13 08:40:51,0.5020833333333333,89478.4,0.0,21.066666666666663,0.0,1.1333333333333333
2013-08-13 08:45:51,0.5,715827.2,0.0666666666666666,9.6,0.0,0.6666666666666666
2013-08-13 08:50:51,0.5375,0.0,0.0666666666666666,21.266666666666666,0.0,0.8666666666666667
2013-08-13 08:55:51,0.5291666666666667,0.0,0.1333333333333333,8.933333333333334,0.0,1.1333333333333333
2013-08-13 09:00:51,0.5458333333333334,0.0,0.0666666666666666,22.933333333333334,0.0,1.8
2013-08-13 09:05:52,0.5291666666666667,0.0,0.0666666666666666,10.2,0.0,1.1333333333333333
2013-08-13 09:10:52,0.5270833333333333,0.0,0.1333333333333333,21.33333333333333,0.0,1.0666666666666669
2013-08-13 09:15:52,0.5333333333333333,0.0,0.0666666666666666,9.533333333333331,0.0,1.3333333333333333
2013-08-13 09:20:52,0.51875,0.0,0.0,21.666666666666664,0.0,1.0
2013-08-13 09:25:52,0.49375,0.0,0.1333333333333333,14.533333333333331,0.2,0.8
2013-08-13 09:30:52,0.525,0.0,0.0666666666666666,21.866666666666667,0.0,0.9333333333333332
2013-08-13 09:35:52,0.53125,0.0,0.4666666666666667,10.266666666666666,0.1333333333333333,2.2666666666666666
2013-08-13 09:40:52,0.54375,0.0,0.0666666666666666,23.466666666666665,1.0666666666666669,2.2
2013-08-13 09:45:52,0.53125,0.0,0.0666666666666666,10.133333333333333,0.0666666666666666,1.2666666666666666
2013-08-13 09:50:52,0.5395833333333333,0.0,0.0666666666666666,21.2,0.0,1.0666666666666669
2013-08-13 09:55:52,0.53125,0.0,0.0666666666666666,9.066666666666666,0.0,1.0666666666666669
2013-08-13 10:00:52,0.5395833333333333,268435.2,0.1333333333333333,24.33333333333333,0.0,1.8666666666666667
2013-08-13 10:05:52,0.4958333333333333,536870.4,0.0,10.333333333333334,0.0666666666666666,0.5333333333333333
2013-08-13 10:10:52,0.5208333333333334,268435.2,0.0666666666666666,21.6,0.0,1.0666666666666669
2013-08-13 10:15:52,0.5375,0.0,0.0666666666666666,9.6,0.0,1.2
2013-08-13 10:20:52,0.5395833333333333,0.0,0.0666666666666666,21.73333333333333,0.0,1.1333333333333333
2013-08-13 10:25:52,0.5291666666666667,0.0,0.0666666666666666,9.533333333333331,0.0,1.0666666666666669
2013-08-13 10:30:52,0.5416666666666666,0.0,0.1333333333333333,21.866666666666667,0.0,1.3333333333333333
2013-08-13 10:35:52,0.53125,0.0,0.0666666666666666,9.4,0.0,1.1333333333333333
2013-08-13 10:40:52,0.5375,0.0,0.1333333333333333,21.666666666666668,0.0,1.0666666666666669
2013-08-13 10:45:52,0.5,0.0,0.0666666666666666,9.666666666666666,0.0,1.3333333333333333
2013-08-13 10:50:52,0.5020833333333333,0.0,0.0666666666666666,21.266666666666666,0.0,0.5333333333333333
2013-08-13 10:55:52,0.54375,0.0,0.4,15.933333333333334,0.8,2.0
2013-08-13 11:00:52,0.5625,0.0,0.4,23.33333333333333,0.4666666666666667,1.8
2013-08-13 11:05:52,0.5291666666666667,0.0,0.1333333333333333,9.466666666666669,0.0,1.2666666666666666
2013-08-13 11:10:52,0.5416666666666666,0.0,0.0666666666666666,21.6,0.0,1.0666666666666669
2013-08-13 11:15:52,0.53125,0.0,0.0666666666666666,10.066666666666666,0.0,1.3333333333333333
2013-08-13 11:20:53,0.5416666666666666,0.0,0.0666666666666666,20.53333333333333,0.0,1.1333333333333333
2013-08-13 11:25:53,0.5145833333333334,0.0,0.0666666666666666,9.6,0.0,1.1333333333333333
2013-08-13 11:30:53,0.4895833333333333,0.0,0.0666666666666666,21.466666666666665,0.0,0.5333333333333333
2013-08-13 11:35:53,0.5041666666666667,0.0,0.0666666666666666,9.2,0.0,0.3333333333333333
2013-08-13 11:40:53,0.5354166666666667,0.0,0.0666666666666666,20.6,0.0,1.2
2013-08-13 11:45:53,0.55625,0.0,0.6,11.266666666666666,1.3333333333333333,3.333333333333333
2013-08-13 11:50:53,0.5333333333333333,268435.2,0.0666666666666666,20.6,0.0,1.1333333333333333
2013-08-13 11:55:53,0.5354166666666667,0.0,0.0666666666666666,9.266666666666666,0.0,1.2666666666666666
2013-08-13 12:00:53,0.54375,0.0,0.1333333333333333,22.33333333333333,0.0,1.6
2013-08-13 12:05:52,0.5270833333333333,0.0,0.0666666666666666,9.133333333333333,0.0,1.2
2013-08-13 12:10:52,0.48125,0.0,0.0666666666666666,20.6,0.0,0.4666666666666667
2013-08-13 12:15:52,0.49375,0.0,0.0666666666666666,9.266666666666667,0.0,0.6666666666666666
2013-08-13 12:20:52,0.5354166666666667,0.0,0.0666666666666666,20.333333333333336,0.0,1.1333333333333333
2013-08-13 12:25:52,0.5479166666666666,0.0,0.1333333333333333,15.2,0.2,1.4666666666666666
2013-08-13 12:30:52,0.5270833333333333,0.0,0.0666666666666666,20.933333333333334,0.0,1.0666666666666669
2013-08-13 12:35:52,0.5458333333333334,0.0,0.0666666666666666,10.133333333333333,0.0,1.2666666666666666
2013-08-13 12:40:52,0.6,0.0,0.1333333333333333,24.066666666666663,3.6666666666666665,1.2666666666666666
2013-08-13 12:45:52,0.51875,0.0,0.0666666666666666,39.4,4.733333333333333,0.7333333333333333
2013-08-13 12:50:52,0.4979166666666666,0.0,0.0666666666666666,28.066666666666663,4.6,0.3333333333333333
2013-08-13 12:55:52,0.55,0.0,0.0666666666666666,38.8,4.666666666666667,0.6666666666666666
2013-08-13 13:00:53,0.5354166666666667,0.0,0.0666666666666666,29.066666666666663,4.866666666666666,1.1333333333333333
2013-08-13 13:05:53,0.5520833333333334,0.0,0.0666666666666666,39.2,4.8,0.9333333333333332
2013-08-13 13:10:53,0.5395833333333333,0.0,0.0666666666666666,29.33333333333333,4.8,0.8666666666666667
2013-08-13 13:15:53,0.55625,0.0,0.0666666666666666,38.0,4.8,0.6
2013-08-13 13:20:53,0.5333333333333333,0.0,0.0666666666666666,27.666666666666668,4.733333333333333,0.7333333333333333
2013-08-13 13:25:53,0.5416666666666666,0.0,0.0,37.6,4.8,0.5333333333333333
2013-08-13 13:30:53,0.4979166666666666,0.0,0.0666666666666666,27.46666666666667,4.733333333333333,0.4
2013-08-13 13:35:53,0.6291666666666667,0.0,0.1333333333333333,39.33333333333333,4.8,1.5333333333333334
2013-08-13 13:40:53,0.525,0.0,0.0,27.46666666666667,4.666666666666667,0.5333333333333333
2013-08-13 13:45:53,0.5479166666666666,0.0,0.0666666666666666,39.46666666666667,4.866666666666666,0.7333333333333333
2013-08-13 13:50:53,0.5375,0.0,0.1333333333333333,26.4,4.666666666666667,0.5333333333333333
2013-08-13 13:55:53,0.50625,0.0,0.0,39.266666666666666,4.733333333333333,0.4
2013-08-13 14:00:53,0.5458333333333334,0.0,0.0666666666666666,27.6,4.733333333333333,1.0
2013-08-13 14:05:53,0.6291666666666667,0.0,0.1333333333333333,39.66666666666667,4.866666666666666,1.4666666666666666
2013-08-13 14:10:53,0.6083333333333334,0.0,0.0666666666666666,26.6,4.6,1.3333333333333333
2013-08-13 14:15:53,0.5145833333333334,0.0,0.1333333333333333,43.8,5.066666666666666,0.7333333333333333
2013-08-13 14:20:53,0.5125,0.0,0.0666666666666666,29.066666666666663,4.933333333333334,0.4666666666666667
2013-08-13 14:25:53,0.5458333333333334,0.0,0.0666666666666666,38.66666666666667,4.8,0.6666666666666666
2013-08-13 14:30:53,0.5291666666666667,447392.0,0.0666666666666666,26.53333333333333,4.666666666666667,0.5333333333333333
2013-08-13 14:35:53,0.5541666666666667,536870.4,0.0666666666666666,38.4,4.733333333333333,0.6666666666666666
2013-08-13 14:40:53,0.4895833333333333,0.0,0.0,26.6,4.8,0.3333333333333333
2013-08-13 14:45:53,0.5479166666666666,0.0,0.0666666666666666,39.4,4.8,0.5333333333333333
2013-08-13 14:50:53,0.5375,0.0,0.0666666666666666,27.066666666666663,4.733333333333333,0.5333333333333333
2013-08-13 14:55:53,0.5479166666666666,0.0,0.0666666666666666,39.8,4.8,0.6666666666666666
2013-08-13 15:00:53,0.55,0.0,0.2666666666666666,27.8,4.733333333333333,1.0666666666666669
2013-08-13 15:05:53,0.5979166666666667,0.0,0.0666666666666666,40.0,4.866666666666666,1.3333333333333333
2013-08-13 15:10:53,0.53125,0.0,0.0666666666666666,27.333333333333336,4.8,0.5333333333333333
2013-08-13 15:15:54,0.5479166666666666,268435.2,0.0666666666666666,39.266666666666666,4.8,0.6666666666666666
2013-08-13 15:20:54,0.5395833333333333,0.0,0.0,27.333333333333336,4.666666666666667,0.4666666666666667
2013-08-13 15:25:54,0.5041666666666667,0.0,0.0666666666666666,39.266666666666666,4.866666666666666,0.6666666666666666
2013-08-13 15:30:54,0.5333333333333333,0.0,0.0666666666666666,27.266666666666666,4.8,0.4
2013-08-13 15:35:54,0.55,0.0,0.0666666666666666,38.266666666666666,4.733333333333333,0.6666666666666666
2013-08-13 15:40:54,0.5354166666666667,0.0,0.0666666666666666,26.866666666666667,4.6,0.6
2013-08-13 15:45:54,0.5395833333333333,626348.8,0.0,38.93333333333334,4.8,0.6
2013-08-13 15:50:54,0.49375,0.0,0.0666666666666666,28.73333333333333,4.6,0.5333333333333333
2013-08-13 15:55:54,0.6291666666666667,0.0,0.1333333333333333,39.6,4.733333333333333,1.3333333333333333
2013-08-13 16:00:54,0.54375,0.0,0.0666666666666666,28.6,4.6,1.1333333333333333
2013-08-13 16:05:54,0.5583333333333333,0.0,0.0666666666666666,38.333333333333336,4.666666666666667,0.6
2013-08-13 16:10:54,0.4979166666666666,0.0,0.0666666666666666,31.933333333333334,4.866666666666666,0.8
2013-08-13 16:15:54,0.54375,268435.2,0.0666666666666666,39.06666666666666,4.666666666666667,0.4
2013-08-13 16:20:54,0.5291666666666667,0.0,0.0666666666666666,27.0,4.6,0.6666666666666666
2013-08-13 16:25:54,0.5791666666666666,0.0,0.0666666666666666,39.0,4.733333333333333,1.1333333333333333
2013-08-13 16:30:54,0.5333333333333333,0.0,0.0666666666666666,27.333333333333336,4.666666666666667,0.6666666666666666
2013-08-13 16:35:54,0.54375,0.0,0.0,38.06666666666667,4.933333333333334,0.5333333333333333
2013-08-13 16:40:54,0.5020833333333333,0.0,0.0666666666666666,27.066666666666663,4.666666666666667,0.4666666666666667
2013-08-13 16:45:54,0.55,0.0,0.0666666666666666,38.73333333333333,4.733333333333333,0.6666666666666666
2013-08-13 16:50:54,0.5395833333333333,0.0,0.0666666666666666,26.666666666666668,4.666666666666667,0.6666666666666666
2013-08-13 16:55:54,0.6291666666666667,0.0,0.0666666666666666,38.4,4.8,1.4666666666666666
2013-08-13 17:00:55,0.525,0.0,0.0666666666666666,28.2,4.533333333333333,1.0
2013-08-13 17:05:55,0.5270833333333333,894784.0,0.0666666666666666,39.86666666666667,4.733333333333333,0.5333333333333333
2013-08-13 17:10:55,0.5333333333333333,357913.6,0.0,26.866666666666667,4.733333333333333,0.4666666666666667
2013-08-13 17:15:55,0.5520833333333334,0.0,0.0666666666666666,38.6,4.866666666666666,0.6666666666666666
2013-08-13 17:20:55,0.5333333333333333,0.0,0.0666666666666666,27.266666666666666,4.733333333333333,0.5333333333333333
2013-08-13 17:25:55,0.5020833333333333,0.0,0.0,38.4,4.8,0.7333333333333333
2013-08-13 17:30:55,0.5291666666666667,357913.6,0.0666666666666666,27.266666666666666,4.666666666666667,0.3333333333333333
2013-08-13 17:35:55,0.5541666666666667,1342176.0,0.0666666666666666,38.66666666666666,4.866666666666666,0.5333333333333333
2013-08-13 17:40:55,0.5333333333333333,178956.8,0.0666666666666666,27.2,4.8,0.6
2013-08-13 17:45:55,0.5604166666666667,0.0,0.0,38.46666666666666,4.866666666666666,0.6666666666666666
2013-08-13 17:50:55,0.525,0.0,0.1333333333333333,26.333333333333336,4.666666666666667,1.0666666666666669
2013-08-13 17:55:55,0.5895833333333333,0.0,0.0666666666666666,45.06666666666666,5.066666666666666,1.0
2013-08-13 18:00:55,0.5479166666666666,0.0,0.0666666666666666,28.133333333333333,4.866666666666666,1.2666666666666666
2013-08-13 18:05:55,0.55,0.0,0.0666666666666666,39.66666666666666,4.866666666666666,0.5333333333333333
2013-08-13 18:10:55,0.5229166666666667,0.0,0.0666666666666666,27.33333333333333,4.6,0.6
2013-08-13 18:15:55,0.5020833333333333,0.0,0.0666666666666666,39.06666666666666,4.8,0.4666666666666667
2013-08-13 18:20:55,0.6291666666666667,536870.4,0.0666666666666666,26.866666666666667,4.6,1.3333333333333333
2013-08-13 18:25:55,0.5458333333333334,0.0,0.0666666666666666,38.6,4.733333333333333,0.6666666666666666
2013-08-13 18:30:55,0.5604166666666667,268435.2,0.0,27.666666666666668,4.8,0.6
2013-08-13 18:35:55,0.4770833333333333,0.0,0.0666666666666666,28.0,4.733333333333333,0.5333333333333333
2013-08-13 18:40:55,0.5479166666666666,715827.2,0.0666666666666666,38.333333333333336,4.8,0.5333333333333333
2013-08-13 18:45:55,0.5375,0.0,0.0666666666666666,25.73333333333333,4.733333333333333,0.7333333333333333
2013-08-13 18:50:55,0.5416666666666666,0.0,0.0,38.93333333333334,4.666666666666667,0.4666666666666667
2013-08-13 18:55:55,0.53125,0.0,0.0666666666666666,26.0,4.733333333333333,0.6666666666666666
2013-08-13 19:00:55,0.5083333333333333,0.0,0.0666666666666666,41.93333333333333,4.866666666666666,0.8666666666666667
2013-08-13 19:05:55,0.5541666666666667,0.0,0.0666666666666666,27.6,4.666666666666667,0.6666666666666666
2013-08-13 19:10:55,0.5520833333333334,0.0,0.0,39.13333333333333,4.733333333333333,0.5333333333333333
2013-08-13 19:15:55,0.5541666666666667,536870.4,0.1333333333333333,45.73333333333333,4.8,0.8
2013-08-13 19:20:55,0.4854166666666666,178956.8,0.0,38.73333333333333,4.8,0.3333333333333333
2013-08-13 19:25:55,0.5375,0.0,0.0666666666666666,27.2,4.866666666666666,0.7333333333333333
2013-08-13 19:30:55,0.5458333333333334,0.0,0.0666666666666666,39.06666666666666,4.733333333333333,0.6
2013-08-13 19:35:55,0.5479166666666666,0.0,14.066666666666666,43.53333333333333,5.133333333333334,0.9333333333333332
2013-08-13 19:40:56,0.4729166666666666,0.0,0.0,25.73333333333333,0.9333333333333332,0.3333333333333333
2013-08-13 19:45:56,0.53125,0.0,0.1333333333333333,9.666666666666666,0.0,1.3333333333333333
2013-08-13 19:50:56,0.475,0.0,0.0,21.46666666666667,0.0,0.3333333333333333
2013-08-13 19:55:56,0.5083333333333333,0.0,0.0666666666666666,9.666666666666666,0.0,1.2
2013-08-13 20:00:56,0.5020833333333333,0.0,0.1333333333333333,23.4,0.0,0.8
2013-08-13 20:05:56,0.4666666666666666,0.0,0.0666666666666666,9.4,0.0,0.6666666666666666
2013-08-13 20:10:56,0.53125,0.0,0.0666666666666666,21.866666666666667,0.0,0.9333333333333332
2013-08-13 20:15:56,0.4541666666666666,0.0,0.0,9.666666666666666,0.0,0.3333333333333333
2013-08-13 20:20:56,0.5479166666666666,0.0,0.1333333333333333,21.6,0.0,1.2666666666666666
2013-08-13 20:25:56,0.45625,0.0,0.0,10.133333333333333,0.0,0.2666666666666666
2013-08-13 20:30:56,0.5416666666666666,0.0,0.1333333333333333,21.8,0.0,1.2666666666666666
2013-08-13 20:35:56,0.46875,0.0,0.0,9.866666666666667,0.0,0.3333333333333333
2013-08-13 20:40:56,0.5416666666666666,0.0,0.1333333333333333,21.33333333333333,0.0,1.2666666666666666
2013-08-13 20:45:56,0.4645833333333333,0.0,0.0,9.666666666666666,0.0,0.3333333333333333
2013-08-13 20:50:56,0.5375,0.0,0.1333333333333333,21.333333333333336,0.0,1.2666666666666666
2013-08-13 20:55:56,0.45625,0.0,0.0,9.866666666666667,0.0,0.3333333333333333
2013-08-13 21:00:56,0.55,0.0,0.1333333333333333,22.46666666666667,0.0,1.6666666666666667
2013-08-13 21:05:56,0.5666666666666667,0.0,161.0,30.33333333333333,0.1333333333333333,0.9333333333333332
2013-08-13 21:10:56,0.5416666666666666,0.0,0.1333333333333333,23.133333333333333,0.0,1.2666666666666666
2013-08-13 21:15:56,0.525,1073740.8,31.8,12.666666666666668,0.0,0.3333333333333333
2013-08-13 21:20:56,0.525,536870.4,0.0666666666666666,26.73333333333333,0.3333333333333333,1.5333333333333334
2013-08-13 21:25:56,0.48125,268435.2,0.0666666666666666,10.266666666666666,0.0,0.3333333333333333
2013-08-13 21:30:56,0.4770833333333333,178956.8,0.0666666666666666,21.6,0.0,0.6
2013-08-13 21:35:56,0.5270833333333333,805305.6,0.0666666666666666,10.533333333333331,0.0,0.9333333333333332
2013-08-13 21:40:56,0.4666666666666666,0.0,0.0666666666666666,20.933333333333334,0.0,0.4666666666666667
2013-08-13 21:45:56,0.5291666666666667,0.0,0.0666666666666666,10.133333333333333,0.0,1.0666666666666669
2013-08-13 21:50:56,0.5375,0.0,0.0666666666666666,21.46666666666667,0.0,1.2666666666666666
2013-08-13 21:55:56,0.53125,0.0,0.1333333333333333,10.333333333333334,0.0,1.1333333333333333
2013-08-13 22:00:56,0.5479166666666666,0.0,0.2,24.333333333333336,0.0,1.6666666666666667
2013-08-13 22:05:56,0.5416666666666666,0.0,0.0666666666666666,9.866666666666667,0.0,1.0666666666666669
2013-08-13 22:10:56,0.53125,536870.4,0.0,21.933333333333334,0.0,1.1333333333333333
2013-08-13 22:15:56,0.4895833333333333,0.0,0.0666666666666666,10.2,0.0,0.6
2013-08-13 22:20:56,0.5291666666666667,0.0,0.0666666666666666,22.0,0.0,0.9333333333333332
2013-08-13 22:25:56,0.5229166666666667,0.0,0.0666666666666666,9.6,0.0,1.2
2013-08-13 22:30:56,0.5375,447392.0,0.0666666666666666,22.133333333333333,0.0,1.1333333333333333
2013-08-13 22:35:56,0.5333333333333333,268435.2,0.1333333333333333,9.6,0.0,1.3333333333333333
2013-08-13 22:40:56,0.5395833333333333,0.0,0.0666666666666666,20.866666666666667,0.0,1.0666666666666669
2013-08-13 22:45:56,0.5333333333333333,0.0,0.0666666666666666,9.4,0.0,1.2666666666666666
2013-08-13 22:50:56,0.55,0.0,0.1333333333333333,21.2,0.0,1.0666666666666669
2013-08-13 22:55:56,0.4854166666666666,0.0,0.0,8.933333333333334,0.0,0.6666666666666666
2013-08-13 23:00:56,0.5354166666666667,0.0,0.0666666666666666,22.4,0.0,1.4
2013-08-13 23:05:56,0.5458333333333334,0.0,0.1333333333333333,9.2,0.0,1.1333333333333333
2013-08-13 23:10:56,0.56875,0.0,0.0666666666666666,21.466666666666665,0.0,1.2
2013-08-13 23:15:56,0.5604166666666667,0.0,0.2,14.8,0.2666666666666666,1.4666666666666666
2013-08-13 23:20:56,0.5770833333333334,0.0,0.0666666666666666,20.933333333333334,0.0,1.1333333333333333
2013-08-13 23:25:56,0.4958333333333333,0.0,0.0666666666666666,9.866666666666667,0.0,0.4666666666666667
2013-08-13 23:30:56,0.5708333333333333,0.0,0.0666666666666666,20.73333333333333,0.0,1.1333333333333333
2013-08-13 23:35:56,0.5083333333333333,0.0,0.0666666666666666,9.666666666666666,0.0,0.4666666666666667
2013-08-13 23:40:56,0.5895833333333333,0.0,0.0714285714285714,22.071428571428573,0.0,1.1333333333333333
2013-08-13 23:45:56,0.5270833333333333,0.0,0.0714285714285714,9.714285714285714,0.0,0.4
2013-08-13 23:50:56,0.5166666666666666,0.0,0.0666666666666666,21.133333333333333,0.0,1.1333333333333333
2013-08-13 23:55:56,0.5,0.0,0.0666666666666666,10.266666666666667,0.0,0.4666666666666667
2013-08-14 00:00:56,0.5,0.0,0.2666666666666666,21.933333333333334,0.0,1.0
2013-08-14 00:05:56,0.5541666666666667,0.0,0.0666666666666666,10.4,0.0,1.0666666666666669
2013-08-14 00:10:56,0.45625,0.0,0.0666666666666666,20.866666666666667,0.0,0.3333333333333333
2013-08-14 00:15:56,0.5416666666666666,0.0,0.0666666666666666,9.733333333333333,0.0,1.3333333333333333
2013-08-14 00:20:56,0.4666666666666666,0.0,0.0666666666666666,10.2,0.0,0.2666666666666666
2013-08-14 00:25:56,0.5395833333333333,0.0,0.0666666666666666,21.2,0.0,1.2
2013-08-14 00:30:56,0.4645833333333333,0.0,0.0,10.6,0.0,0.4
2013-08-14 00:35:57,0.5458333333333334,0.0,0.1333333333333333,21.6,0.0,1.2
2013-08-14 00:40:57,0.45625,0.0,0.0,10.333333333333334,0.0,0.3333333333333333
2013-08-14 00:45:57,0.55,0.0,0.2,26.6,0.2,1.5333333333333334
2013-08-14 00:50:57,0.45625,0.0,0.0,9.933333333333334,0.0,0.2666666666666666
2013-08-14 00:55:57,0.54375,0.0,0.1333333333333333,21.4,0.0,1.2666666666666666
2013-08-14 01:00:57,0.4625,0.0,0.0666666666666666,11.466666666666669,0.0,0.8
2013-08-14 01:05:57,0.5458333333333334,0.0,0.0666666666666666,21.866666666666667,0.0,1.1333333333333333
2013-08-14 01:10:57,0.4625,0.0,0.0,10.333333333333334,0.0,0.4666666666666667
2013-08-14 01:15:57,0.5083333333333333,0.0,0.0666666666666666,22.133333333333333,0.0,0.9333333333333332
2013-08-14 01:20:57,0.5020833333333333,0.0,0.0666666666666666,10.2,0.0,0.6
2013-08-14 01:25:57,0.46875,0.0,0.0666666666666666,21.266666666666666,0.0,0.2666666666666666
2013-08-14 01:30:57,0.53125,0.0,0.0666666666666666,9.6,0.0,1.2
2013-08-14 01:35:57,0.5375,0.0,0.0666666666666666,21.866666666666667,0.0,1.0666666666666669
2013-08-14 01:40:57,0.5291666666666667,0.0,0.0666666666666666,9.266666666666667,0.0,1.2666666666666666
2013-08-14 01:45:57,0.5375,0.0,0.1333333333333333,21.73333333333333,0.0,1.1333333333333333
2013-08-14 01:50:57,0.5354166666666667,0.0,0.0666666666666666,9.666666666666666,0.0,1.2666666666666666
2013-08-14 01:55:57,0.5354166666666667,0.0,0.1333333333333333,21.4,0.0,1.2
2013-08-14 02:00:57,0.5229166666666667,0.0,0.0666666666666666,12.266666666666667,0.0666666666666666,1.7333333333333334
2013-08-14 02:05:57,0.5,0.0,0.0666666666666666,22.0,0.0,0.5333333333333333
2013-08-14 02:10:57,0.525,0.0,0.0666666666666666,10.066666666666666,0.0,1.0666666666666669
2013-08-14 02:15:57,0.54375,268435.2,0.0666666666666666,21.53333333333333,0.0,1.2
2013-08-14 02:20:57,0.5291666666666667,0.0,0.0666666666666666,10.266666666666666,0.0,1.1333333333333333
2013-08-14 02:25:57,0.5416666666666666,0.0,0.0666666666666666,21.73333333333333,0.0,1.0666666666666669
2013-08-14 02:30:57,0.5354166666666667,0.0,0.0666666666666666,10.533333333333331,0.0,1.1333333333333333
2013-08-14 02:35:57,0.5479166666666666,0.0,0.1333333333333333,22.4,0.0,1.2666666666666666
2013-08-14 02:40:57,0.5208333333333334,0.0,0.1333333333333333,15.4,0.2666666666666666,1.2666666666666666
2013-08-14 02:45:57,0.5,0.0,0.0666666666666666,22.33333333333333,0.0,0.6
2013-08-14 02:50:57,0.5229166666666667,0.0,0.0666666666666666,10.266666666666666,0.0,1.0666666666666669
2013-08-14 02:55:57,0.5375,0.0,0.0666666666666666,21.8,0.0,1.1333333333333333
2013-08-14 03:00:57,0.5375,0.0,0.0666666666666666,11.733333333333333,0.0,1.6
2013-08-14 03:05:58,0.5416666666666666,536870.4,0.0666666666666666,21.466666666666665,0.0,1.0666666666666669
2013-08-14 03:10:58,0.5270833333333333,0.0,0.1333333333333333,9.6,0.0,1.2666666666666666
2013-08-14 03:15:58,0.5458333333333334,0.0,0.0666666666666666,21.53333333333333,0.0,1.0
2013-08-14 03:20:58,0.5291666666666667,0.0,0.0666666666666666,9.466666666666669,0.0,1.1333333333333333
2013-08-14 03:25:58,0.5020833333333333,0.0,0.0,21.33333333333333,0.0,0.5333333333333333
2013-08-14 03:30:58,0.5166666666666666,0.0,0.0666666666666666,9.333333333333334,0.0,1.0666666666666669
2013-08-14 03:35:58,0.5375,0.0,0.1333333333333333,20.46666666666667,0.0,1.0
2013-08-14 03:40:58,0.5291666666666667,0.0,0.0666666666666666,9.8,0.0,1.2666666666666666
2013-08-14 03:45:58,0.5375,0.0,0.0666666666666666,21.73333333333333,0.0,1.0666666666666669
2013-08-14 03:50:58,0.5333333333333333,0.0,0.0666666666666666,9.066666666666666,0.0,1.2666666666666666
2013-08-14 03:55:58,0.5375,178956.8,0.1333333333333333,21.466666666666665,0.0,1.1333333333333333
2013-08-14 04:00:58,0.5354166666666667,0.0,0.1333333333333333,11.466666666666669,0.0,1.6666666666666667
2013-08-14 04:05:58,0.5229166666666667,715827.2,0.0666666666666666,21.53333333333333,0.0,1.2666666666666666
2013-08-14 04:10:58,0.49375,536870.4,0.0666666666666666,14.666666666666666,0.2,0.6
2013-08-14 04:15:58,0.5375,0.0,0.0666666666666666,21.666666666666664,0.0,1.0
2013-08-14 04:20:58,0.525,268435.2,0.1333333333333333,8.733333333333334,0.0,1.1333333333333333
2013-08-14 04:25:58,0.54375,0.0,0.0666666666666666,21.466666666666665,0.0,1.2
2013-08-14 04:30:58,0.5291666666666667,0.0,0.0666666666666666,9.466666666666669,0.0,1.2
2013-08-14 04:35:58,0.5395833333333333,0.0,0.1333333333333333,21.33333333333333,0.0,1.2666666666666666
2013-08-14 04:40:58,0.5291666666666667,0.0,0.0666666666666666,9.733333333333334,0.0,1.0
2013-08-14 04:45:58,0.5229166666666667,0.0,0.0,21.33333333333333,0.0,1.2666666666666666
2013-08-14 04:50:58,0.4875,0.0,0.0666666666666666,9.266666666666667,0.0,0.4666666666666667
2013-08-14 04:55:58,0.5270833333333333,268435.2,0.0666666666666666,21.53333333333333,0.0,0.8666666666666667
2013-08-14 05:00:58,0.5479166666666666,0.0,0.1333333333333333,10.666666666666666,0.0,1.7333333333333334
2013-08-14 05:05:58,0.5354166666666667,0.0,0.0666666666666666,21.4,0.0,1.0666666666666669
2013-08-14 05:10:58,0.53125,0.0,0.0666666666666666,9.8,0.0,1.2
2013-08-14 05:15:59,0.5333333333333333,0.0,0.1333333333333333,21.266666666666666,0.0,1.0
2013-08-14 05:20:59,0.5333333333333333,0.0,0.0666666666666666,9.133333333333333,0.0,1.2666666666666666
2013-08-14 05:25:59,0.525,0.0,0.0666666666666666,21.466666666666665,0.0,1.1333333333333333
2013-08-14 05:30:59,0.49375,0.0,0.0666666666666666,9.533333333333331,0.0,0.7333333333333333
2013-08-14 05:35:59,0.5125,357913.6,0.0666666666666666,21.133333333333333,0.0,0.8666666666666667
2013-08-14 05:40:59,0.5395833333333333,268435.2,0.0666666666666666,9.0,0.0,1.2666666666666666
2013-08-14 05:45:59,0.5375,0.0,0.0666666666666666,26.266666666666666,0.3333333333333333,1.3333333333333333
2013-08-14 05:50:59,0.54375,0.0,0.1333333333333333,10.6,0.0,1.2666666666666666
2013-08-14 05:55:59,0.53125,0.0,0.0666666666666666,9.866666666666667,0.0,1.0666666666666669
2013-08-14 06:00:59,0.54375,0.0,0.1333333333333333,22.933333333333334,0.0,1.7333333333333334
2013-08-14 06:05:59,0.5291666666666667,0.0,0.0666666666666666,10.133333333333333,0.0,1.1333333333333333
2013-08-14 06:10:59,0.5125,0.0,0.0,21.466666666666665,0.0,1.2666666666666666
2013-08-14 06:15:59,0.48125,0.0,0.0666666666666666,9.6,0.0,0.5333333333333333
2013-08-14 06:20:58,0.5583333333333333,0.0,0.0666666666666666,21.266666666666666,0.0,1.0
2013-08-14 06:25:58,0.5291666666666667,0.0,0.1333333333333333,9.133333333333333,0.0,1.0666666666666669
2013-08-14 06:30:58,0.5583333333333333,0.0,0.0666666666666666,39.53333333333333,0.0,1.2666666666666666
2013-08-14 06:35:58,0.5291666666666667,0.0,0.0666666666666666,9.733333333333333,0.0,1.0666666666666669
2013-08-14 06:40:58,0.54375,0.0,0.0666666666666666,21.266666666666666,0.0,1.2666666666666666
2013-08-14 06:45:58,0.5291666666666667,0.0,0.1333333333333333,9.666666666666666,0.0,1.1333333333333333
2013-08-14 06:50:59,0.53125,0.0,0.0,21.2,0.0,1.0666666666666669
2013-08-14 06:55:59,0.4791666666666666,0.0,0.0666666666666666,9.4,0.0,0.6
2013-08-14 07:00:59,0.5333333333333333,0.0,0.1333333333333333,23.33333333333333,0.0,1.4666666666666666
2013-08-14 07:05:59,0.5395833333333333,0.0,0.0666666666666666,9.533333333333331,0.0,1.1333333333333333
2013-08-14 07:10:59,0.5416666666666666,447392.0,0.0666666666666666,21.2,0.0,1.0666666666666669
2013-08-14 07:15:59,0.5354166666666667,268435.2,0.0666666666666666,10.2,0.0,1.2
2013-08-14 07:20:59,0.54375,0.0,0.0666666666666666,21.4,0.0,1.1333333333333333
2013-08-14 07:25:59,0.53125,0.0,0.0666666666666666,9.6,0.0,1.2666666666666666
2013-08-14 07:30:59,0.5291666666666667,0.0,0.0666666666666666,21.666666666666668,0.0,1.1333333333333333
2013-08-14 07:35:59,0.4895833333333333,0.0,0.0666666666666666,14.266666666666666,0.2,0.8666666666666667
2013-08-14 07:40:59,0.5229166666666667,0.0,0.1333333333333333,21.73333333333333,0.0,0.9333333333333332
2013-08-14 07:45:59,0.525,0.0,0.0666666666666666,9.0,0.0,1.2
2013-08-14 07:50:59,0.5520833333333334,0.0,0.0666666666666666,21.33333333333333,0.0,1.1333333333333333
2013-08-14 07:55:59,0.5291666666666667,0.0,0.0666666666666666,9.133333333333333,0.0,1.2
2013-08-14 08:00:59,0.55625,0.0,0.1333333333333333,22.6,0.0,1.5333333333333334
2013-08-14 08:05:59,0.5291666666666667,0.0,0.0666666666666666,9.8,0.0,1.2
2013-08-14 08:10:59,0.5416666666666666,0.0,0.1333333333333333,21.066666666666663,0.0,1.0666666666666669
2013-08-14 08:15:59,0.49375,0.0,0.0,9.733333333333334,0.0,1.2
2013-08-14 08:20:59,0.5083333333333333,0.0,0.0666666666666666,20.933333333333334,0.0,0.6
2013-08-14 08:25:59,0.5270833333333333,0.0,0.0666666666666666,9.2,0.0,0.8666666666666667
2013-08-14 08:30:59,0.54375,0.0,0.0666666666666666,20.46666666666667,0.0,1.2666666666666666
2013-08-14 08:35:59,0.5333333333333333,0.0,0.1333333333333333,9.6,0.0,1.0666666666666669
2013-08-14 08:40:59,0.5458333333333334,0.0,0.0666666666666666,21.133333333333333,0.0,1.2
2013-08-14 08:45:59,0.5354166666666667,0.0,0.0666666666666666,9.2,0.0,1.0
2013-08-14 08:50:59,0.5416666666666666,0.0,0.0666666666666666,20.666666666666664,0.0,1.3333333333333333
2013-08-14 08:55:59,0.5104166666666666,0.0,0.0666666666666666,9.4,0.0,1.0666666666666669
2013-08-14 09:00:59,0.5,268435.2,0.1333333333333333,22.866666666666667,0.0,1.2
2013-08-14 09:05:59,0.5229166666666667,0.0,0.1333333333333333,8.933333333333334,0.0,0.7333333333333333
2013-08-14 09:10:59,0.5354166666666667,0.0,0.0666666666666666,20.866666666666667,0.0,1.2666666666666666
2013-08-14 09:15:59,0.525,0.0,0.1333333333333333,9.533333333333331,0.0,1.1333333333333333
2013-08-14 09:20:59,0.55,0.0,0.0666666666666666,20.8,0.0,1.1333333333333333
2013-08-14 09:25:59,0.5333333333333333,0.0,0.1333333333333333,14.066666666666666,0.2,1.3333333333333333
2013-08-14 09:30:59,0.55,0.0,0.1333333333333333,21.066666666666663,0.0,1.1333333333333333
2013-08-14 09:35:59,0.5145833333333334,0.0,0.0666666666666666,9.4,0.0,1.2
2013-08-14 09:41:00,0.5020833333333333,0.0,0.0,20.933333333333334,0.0,0.4666666666666667
2013-08-14 09:46:00,0.50625,0.0,0.1333333333333333,10.133333333333333,0.0,1.0666666666666669
2013-08-14 09:51:00,0.54375,0.0,0.1333333333333333,20.53333333333333,0.0,1.1333333333333333
2013-08-14 09:56:00,0.5270833333333333,0.0,0.0666666666666666,9.2,0.0,1.2
2013-08-14 10:01:00,0.55625,0.0,0.1333333333333333,23.73333333333333,0.0666666666666666,1.7333333333333334
2013-08-14 10:06:00,0.5395833333333333,0.0,0.0666666666666666,10.0,0.0,1.2
2013-08-14 10:11:00,0.54375,0.0,0.0666666666666666,22.33333333333333,0.4,2.7333333333333334
2013-08-14 10:16:00,0.5354166666666667,0.0,0.0666666666666666,10.733333333333333,0.6,2.1333333333333333
2013-08-14 10:21:00,0.5166666666666666,0.0,0.0,22.866666666666667,0.8,2.066666666666667
2013-08-14 10:26:00,0.4875,626348.8,0.0666666666666666,9.333333333333334,0.0,0.6
2013-08-14 10:31:00,0.7583333333333333,1163219.2,161.73333333333332,195.7333333333333,20.066666666666663,2.0
2013-08-14 10:36:00,0.5291666666666667,1342176.0,0.0666666666666666,10.6,0.0,1.2
2013-08-14 10:41:00,0.6083333333333334,984262.4,31.866666666666667,24.0,0.0,1.1333333333333333
2013-08-14 10:46:00,0.5291666666666667,89478.4,0.0666666666666666,9.933333333333334,0.0,1.1333333333333333
2013-08-14 10:51:00,0.5479166666666666,715827.2,0.0666666666666666,21.6,0.0,1.1333333333333333
2013-08-14 10:56:00,0.5333333333333333,0.0,0.1333333333333333,9.466666666666669,0.0,1.2666666666666666
2013-08-14 11:01:00,0.5291666666666667,0.0,0.0666666666666666,22.53333333333333,0.0,1.5333333333333334
2013-08-14 11:06:00,0.4854166666666666,0.0,0.0666666666666666,9.4,0.0666666666666666,0.5333333333333333
2013-08-14 11:11:00,0.525,0.0,0.0666666666666666,21.066666666666663,0.0,1.0666666666666669
2013-08-14 11:16:00,0.5354166666666667,0.0,0.0666666666666666,9.066666666666666,0.0,1.0666666666666669
2013-08-14 11:21:00,0.5416666666666666,0.0,0.2666666666666666,26.133333333333333,0.2666666666666666,1.4
2013-08-14 11:26:00,0.5291666666666667,0.0,0.0666666666666666,9.266666666666666,0.0,1.0666666666666669
2013-08-14 11:31:00,0.5291666666666667,0.0,0.0666666666666666,10.266666666666666,0.0,1.2666666666666666
2013-08-14 11:36:00,0.5541666666666667,0.0,0.1333333333333333,21.2,0.0,1.1333333333333333
2013-08-14 11:41:00,0.5208333333333334,0.0,0.0666666666666666,9.533333333333331,0.0,1.2
2013-08-14 11:46:00,0.5020833333333333,0.0,0.0666666666666666,21.066666666666663,0.0,0.5333333333333333
2013-08-14 11:51:00,0.5104166666666666,0.0,0.0666666666666666,9.2,0.0,1.0666666666666669
2013-08-14 11:56:00,0.5333333333333333,0.0,0.1333333333333333,20.6,0.0,1.1333333333333333
2013-08-14 12:01:00,0.5354166666666667,0.0,0.1333333333333333,11.266666666666666,0.0,1.7333333333333334
2013-08-14 12:06:00,0.5354166666666667,0.0,0.0666666666666666,20.866666666666667,0.0,1.1333333333333333
2013-08-14 12:11:01,0.53125,0.0,0.0666666666666666,9.466666666666669,0.0,1.2
2013-08-14 12:16:01,0.5395833333333333,0.0,0.0666666666666666,21.2,0.0,1.0666666666666669
2013-08-14 12:21:01,0.5416666666666666,0.0,0.0666666666666666,8.933333333333334,0.0,1.2
2013-08-14 12:26:01,0.50625,0.0,0.0666666666666666,20.8,0.0,1.0
2013-08-14 12:31:01,0.5041666666666667,0.0,0.0666666666666666,9.466666666666669,0.0,0.5333333333333333
2013-08-14 12:36:01,0.5333333333333333,0.0,0.0666666666666666,20.73333333333333,0.0,0.9333333333333332
2013-08-14 12:41:01,0.5291666666666667,0.0,0.0666666666666666,9.333333333333332,0.0,1.1333333333333333
2013-08-14 12:46:01,0.5416666666666666,0.0,0.0666666666666666,20.933333333333334,0.0,1.2
2013-08-14 12:51:01,0.5354166666666667,0.0,0.1333333333333333,8.933333333333334,0.0,1.2666666666666666
2013-08-14 12:56:01,0.5354166666666667,0.0,0.0666666666666666,21.466666666666665,0.0,1.0
2013-08-14 13:01:01,0.5354166666666667,0.0,0.1333333333333333,11.133333333333333,0.0,1.7333333333333334
2013-08-14 13:06:01,0.5291666666666667,0.0,14.066666666666666,34.06666666666666,0.3333333333333333,1.3333333333333333
2013-08-14 13:11:01,0.4895833333333333,0.0,0.0666666666666666,9.333333333333332,0.0,0.6666666666666666
2013-08-14 13:16:01,0.5416666666666666,0.0,0.0666666666666666,21.066666666666663,0.0,0.8666666666666667
2013-08-14 13:21:01,0.53125,0.0,0.0666666666666666,8.933333333333334,0.0,1.2666666666666666
2013-08-14 13:26:01,0.54375,0.0,0.1333333333333333,21.133333333333333,0.0,1.1333333333333333
2013-08-14 13:31:01,0.53125,0.0,0.0666666666666666,9.0,0.0,1.0666666666666669
2013-08-14 13:36:01,0.5375,0.0,0.0666666666666666,21.0,0.0,1.2
2013-08-14 13:41:01,0.53125,0.0,0.1333333333333333,9.6,0.0,1.3333333333333333
2013-08-14 13:46:01,0.5270833333333333,0.0,0.0666666666666666,21.133333333333333,0.0,1.0666666666666669
2013-08-14 13:51:01,0.4958333333333333,447392.0,0.0666666666666666,9.8,0.0,0.5333333333333333
2013-08-14 13:56:01,0.5166666666666666,268435.2,0.0666666666666666,21.33333333333333,0.0,1.0
2013-08-14 14:01:01,0.55,0.0,0.1333333333333333,10.6,0.0666666666666666,1.6666666666666667
2013-08-14 14:06:01,0.5375,0.0,0.0666666666666666,21.0,0.0,1.0
2013-08-14 14:11:01,0.5333333333333333,0.0,0.0666666666666666,9.466666666666669,0.0,1.2666666666666666
2013-08-14 14:16:01,0.5395833333333333,0.0,0.1333333333333333,20.866666666666667,0.0,1.0666666666666669
2013-08-14 14:21:01,0.5333333333333333,0.0,0.0666666666666666,9.466666666666669,0.0,1.2666666666666666
2013-08-14 14:26:02,0.5375,0.0,0.1333333333333333,20.866666666666667,0.0,1.0666666666666669
2013-08-14 14:31:02,0.4916666666666666,0.0,0.0666666666666666,9.2,0.0,1.2666666666666666
2013-08-14 14:36:02,0.5166666666666666,0.0,0.0666666666666666,21.2,0.0,0.4
2013-08-14 14:41:02,0.5333333333333333,0.0,0.0666666666666666,8.733333333333333,0.0,1.0
2013-08-14 14:46:02,0.5416666666666666,0.0,0.0666666666666666,21.266666666666666,0.0,1.0666666666666669
2013-08-14 14:51:02,0.5333333333333333,0.0,0.0666666666666666,9.466666666666669,0.0,1.2666666666666666
2013-08-14 14:56:02,0.5375,178956.8,0.0666666666666666,20.8,0.0,1.0666666666666669
2013-08-14 15:01:02,0.5395833333333333,89478.4,0.1333333333333333,11.133333333333333,0.0,1.6666666666666667
2013-08-14 15:06:02,0.54375,0.0,0.2,26.4,0.2,1.2
2013-08-14 15:11:02,0.5083333333333333,0.0,0.0,9.266666666666667,0.0,1.0666666666666669
2013-08-14 15:16:02,0.4895833333333333,0.0,0.0666666666666666,21.53333333333333,0.4,0.6
2013-08-14 15:21:02,0.6270833333333333,0.0,0.1333333333333333,28.866666666666667,4.733333333333333,1.2
2013-08-14 15:26:02,0.4979166666666666,0.0,0.0,38.86666666666667,4.533333333333333,0.4666666666666667
2013-08-14 15:31:01,0.56875,0.0,0.0666666666666666,28.4,4.733333333333333,1.2
2013-08-14 15:36:01,0.4895833333333333,0.0,0.0666666666666666,39.6,4.666666666666667,0.4666666666666667
2013-08-14 15:41:01,0.55625,0.0,0.1333333333333333,27.4,4.6,1.0666666666666669
2013-08-14 15:46:01,0.4958333333333333,0.0,0.0,41.2,4.6,0.4666666666666667
2013-08-14 15:51:01,0.5625,0.0,0.1333333333333333,26.133333333333333,4.733333333333333,1.1333333333333333
2013-08-14 15:56:01,0.4916666666666666,0.0,0.0666666666666666,40.6,4.666666666666667,0.4666666666666667
2013-08-14 16:01:01,0.56875,0.0,0.0666666666666666,28.4,4.8,1.7333333333333334
2013-08-14 16:06:02,0.5083333333333333,0.0,0.0,39.66666666666667,4.733333333333333,0.3333333333333333
2013-08-14 16:11:02,0.5625,0.0,0.1333333333333333,27.4,4.6,1.2666666666666666
2013-08-14 16:16:02,0.5083333333333333,0.0,0.0,40.266666666666666,4.6,0.2666666666666666
2013-08-14 16:21:02,0.5229166666666667,0.0,0.0666666666666666,27.2,4.733333333333333,1.1333333333333333
2013-08-14 16:26:02,0.525,0.0,0.0666666666666666,40.06666666666667,4.8,0.4666666666666667
2013-08-14 16:31:02,0.4958333333333333,268435.2,0.0,26.066666666666663,4.666666666666667,0.5333333333333333
2013-08-14 16:36:02,0.5625,0.0,0.1333333333333333,39.333333333333336,4.533333333333333,1.0666666666666669
2013-08-14 16:41:02,0.4916666666666666,0.0,0.0,28.0,4.733333333333333,0.3333333333333333
2013-08-14 16:46:02,0.5625,0.0,0.1333333333333333,38.06666666666666,4.6,1.2666666666666666
2013-08-14 16:51:02,0.50625,0.0,0.0,27.4,4.8,0.3333333333333333
2013-08-14 16:56:02,0.5645833333333333,0.0,0.2,44.13333333333333,4.933333333333334,1.4
2013-08-14 17:01:02,0.5125,0.0,0.0666666666666666,29.4,4.8,0.8666666666666667
2013-08-14 17:06:02,0.55625,0.0,0.0666666666666666,35.06666666666667,4.8,1.1333333333333333
2013-08-14 17:11:02,0.4979166666666666,0.0,0.0,29.73333333333333,4.733333333333333,0.5333333333333333
2013-08-14 17:16:02,0.5583333333333333,357913.6,0.1333333333333333,26.8,4.666666666666667,1.1333333333333333
2013-08-14 17:21:02,0.4958333333333333,268435.2,0.0666666666666666,38.66666666666667,4.666666666666667,0.4666666666666667
2013-08-14 17:26:02,0.5583333333333333,0.0,0.0666666666666666,26.73333333333333,4.733333333333333,1.1333333333333333
2013-08-14 17:31:02,0.4979166666666666,0.0,0.0,38.266666666666666,4.8,0.4666666666666667
2013-08-14 17:36:02,0.5604166666666667,0.0,0.1333333333333333,26.4,4.6,1.1333333333333333
2013-08-14 17:41:02,0.5020833333333333,268435.2,0.0,39.2,4.8,0.4666666666666667
2013-08-14 17:46:02,0.525,0.0,0.0666666666666666,43.6,4.6,0.5333333333333333
2013-08-14 17:51:02,0.55625,0.0,0.0666666666666666,40.6,4.866666666666666,1.0666666666666669
2013-08-14 17:56:02,0.4833333333333333,0.0,0.0666666666666666,26.6,4.666666666666667,0.3333333333333333
2013-08-14 18:01:03,0.58125,0.0,0.3333333333333333,40.46666666666667,4.933333333333334,1.933333333333333
2013-08-14 18:06:03,0.4833333333333333,0.0,0.0,27.4,4.666666666666667,0.3333333333333333
2013-08-14 18:11:03,0.575,0.0,0.1333333333333333,36.33333333333333,4.733333333333333,1.2666666666666666
2013-08-14 18:16:03,0.48125,0.0,0.0,27.46666666666667,4.533333333333333,0.3333333333333333
2013-08-14 18:21:03,0.5833333333333334,0.0,0.1333333333333333,38.33333333333333,4.666666666666667,1.2666666666666666
2013-08-14 18:26:03,0.4854166666666666,0.0,0.0,26.53333333333333,4.666666666666667,0.3333333333333333
2013-08-14 18:31:03,0.58125,0.0,0.0666666666666666,38.0,4.733333333333333,1.2666666666666666
2013-08-14 18:36:03,0.4875,0.0,0.0666666666666666,26.73333333333333,4.866666666666666,0.3333333333333333
2013-08-14 18:41:03,0.5708333333333333,0.0,0.1333333333333333,38.73333333333333,4.8,1.4
2013-08-14 18:46:03,0.4833333333333333,89478.4,0.0,27.466666666666665,4.533333333333333,0.3333333333333333
2013-08-14 18:51:03,0.56875,178956.8,0.1333333333333333,42.93333333333334,5.0,1.4666666666666666
2013-08-14 18:56:03,0.4854166666666666,0.0,0.0,28.8,4.733333333333333,0.3333333333333333
2013-08-14 19:01:03,0.5583333333333333,0.0,0.0666666666666666,38.93333333333333,4.8,1.6666666666666667
2013-08-14 19:06:03,0.5208333333333334,0.0,0.0666666666666666,27.933333333333334,4.733333333333333,0.3333333333333333
2013-08-14 19:11:03,0.5125,0.0,0.0666666666666666,37.4,4.866666666666666,0.5333333333333333
2013-08-14 19:16:03,0.55,0.0,0.0666666666666666,27.73333333333333,4.8,1.0666666666666669
2013-08-14 19:21:03,0.4979166666666666,0.0,0.0,37.93333333333334,4.666666666666667,0.3333333333333333
2013-08-14 19:26:03,0.5520833333333334,0.0,0.1333333333333333,27.066666666666663,4.733333333333333,1.2
2013-08-14 19:31:03,0.49375,0.0,0.0,39.0,4.666666666666667,0.3333333333333333
2013-08-14 19:36:03,0.5583333333333333,0.0,0.1333333333333333,27.133333333333333,4.533333333333333,1.1333333333333333
2013-08-14 19:41:03,0.4958333333333333,0.0,0.0,39.0,4.8,0.3333333333333333
2013-08-14 19:46:03,0.5604166666666667,0.0,0.0666666666666666,27.266666666666666,4.733333333333333,1.2
2013-08-14 19:51:03,0.5104166666666666,0.0,0.0,38.73333333333333,4.8,0.4
2013-08-14 19:56:03,0.5604166666666667,0.0,0.1333333333333333,27.666666666666668,4.6,1.2666666666666666
2013-08-14 20:01:03,0.5104166666666666,0.0,0.0,40.86666666666667,4.733333333333333,0.8666666666666667
2013-08-14 20:06:03,0.55625,0.0,0.1333333333333333,26.73333333333333,4.733333333333333,1.2
2013-08-14 20:11:04,0.4958333333333333,0.0,0.0,40.06666666666667,4.8,0.3333333333333333
2013-08-14 20:16:04,0.5583333333333333,0.0,0.1333333333333333,26.933333333333334,4.8,1.2666666666666666
2013-08-14 20:21:04,0.4958333333333333,0.0,0.0,38.86666666666667,4.8,0.4
2013-08-14 20:26:04,0.525,0.0,0.0666666666666666,28.133333333333333,4.866666666666666,1.3333333333333333
2013-08-14 20:31:04,0.5354166666666667,0.0,0.2,42.6,4.733333333333333,0.3333333333333333
2013-08-14 20:36:04,0.4958333333333333,0.0,0.0666666666666666,27.133333333333333,4.6,0.6666666666666666
2013-08-14 20:41:04,0.5666666666666667,0.0,0.0666666666666666,39.46666666666667,4.666666666666667,0.8666666666666667
2013-08-14 20:46:04,0.4875,0.0,0.0666666666666666,26.4,4.666666666666667,0.4666666666666667
2013-08-14 20:51:04,0.5729166666666666,0.0,0.0666666666666666,38.46666666666667,4.666666666666667,1.2666666666666666
2013-08-14 20:56:04,0.4791666666666666,0.0,0.0,27.266666666666666,4.666666666666667,0.3333333333333333
2013-08-14 21:01:04,0.575,0.0,0.1333333333333333,39.53333333333333,4.8,1.933333333333333
2013-08-14 21:06:04,0.4770833333333333,0.0,0.0666666666666666,27.266666666666666,4.6,0.3333333333333333
2013-08-14 21:11:04,0.5645833333333333,0.0,0.0666666666666666,38.66666666666667,4.733333333333333,1.0666666666666669
2013-08-14 21:16:04,0.4770833333333333,447392.0,0.0666666666666666,27.53333333333333,4.733333333333333,0.4666666666666667
2013-08-14 21:21:04,0.575,715827.2,0.0666666666666666,37.93333333333334,4.666666666666667,1.1333333333333333
2013-08-14 21:26:04,0.4791666666666666,805305.6,0.0,27.6,4.733333333333333,0.4666666666666667
2013-08-14 21:31:04,0.5791666666666666,0.0,0.1333333333333333,38.6,4.666666666666667,1.2
2013-08-14 21:36:04,0.4833333333333333,0.0,0.0,27.466666666666665,4.733333333333333,0.4
2013-08-14 21:41:04,0.5604166666666667,0.0,0.1333333333333333,39.2,4.6,1.1333333333333333
2013-08-14 21:46:04,0.4854166666666666,0.0,0.0,27.73333333333333,4.666666666666667,0.2666666666666666
2013-08-14 21:51:04,0.51875,0.0,0.0666666666666666,37.4,4.733333333333333,0.6666666666666666
2013-08-14 21:56:05,0.53125,0.0,0.0666666666666666,27.8,4.733333333333333,0.9333333333333332
2013-08-14 22:01:05,0.5,0.0,0.0666666666666666,40.06666666666666,4.8,1.1333333333333333
2013-08-14 22:06:05,0.56875,268435.2,0.0666666666666666,27.0,4.866666666666666,1.2
2013-08-14 22:11:05,0.5020833333333333,0.0,0.0666666666666666,44.06666666666667,4.933333333333334,0.7333333333333333
2013-08-14 22:16:05,0.5708333333333333,0.0,0.0666666666666666,26.866666666666667,4.6,1.0666666666666669
2013-08-14 22:21:05,0.4895833333333333,0.0,0.0666666666666666,39.400000000000006,4.8,0.4666666666666667
2013-08-14 22:26:05,0.55,357913.6,0.0666666666666666,16.133333333333333,1.8666666666666667,1.1333333333333333
2013-08-14 22:31:05,0.4583333333333333,0.0,0.0,21.133333333333333,0.0,0.4
2013-08-14 22:36:05,0.5395833333333333,0.0,0.1333333333333333,10.4,0.0,1.2
2013-08-14 22:41:05,0.4541666666666666,0.0,0.0,21.266666666666666,0.0,0.3333333333333333
2013-08-14 22:46:05,0.7541666666666668,357913.6,161.66666666666666,24.133333333333333,0.0,1.2666666666666666
2013-08-14 22:51:05,0.46875,357913.6,0.0,10.266666666666666,0.0,0.3333333333333333
2013-08-14 22:56:05,0.6125,0.0,31.933333333333334,24.133333333333333,0.0,1.2
2013-08-14 23:01:05,0.475,0.0,0.0666666666666666,11.6,0.0,0.8666666666666667
2013-08-14 23:06:05,0.5375,0.0,0.0,21.4,0.0,1.1333333333333333
2013-08-14 23:11:05,0.4979166666666666,0.0,0.0666666666666666,10.066666666666666,0.0,0.4666666666666667
2013-08-14 23:16:05,0.5125,0.0,0.0666666666666666,21.6,0.0,0.5333333333333333
2013-08-14 23:21:05,0.5458333333333334,0.0,0.0666666666666666,10.133333333333333,0.0,1.0666666666666669
2013-08-14 23:26:05,0.5083333333333333,0.0,0.0714285714285714,21.92857142857143,0.0,0.3333333333333333
2013-08-14 23:31:05,0.56875,0.0,0.0666666666666666,9.333333333333334,0.0666666666666666,1.4
2013-08-14 23:36:05,0.5125,0.0,0.0666666666666666,22.066666666666663,0.0,0.3333333333333333
2013-08-14 23:41:05,0.5770833333333334,0.0,0.0666666666666666,9.2,0.0,1.1333333333333333
2013-08-14 23:46:05,0.5354166666666667,0.0,0.0666666666666666,21.466666666666665,0.0,0.4666666666666667
2013-08-14 23:51:05,0.5541666666666667,0.0,0.1333333333333333,14.133333333333333,0.2,1.2666666666666666
2013-08-14 23:56:05,0.4708333333333334,0.0,0.0666666666666666,20.666666666666668,0.0,0.4666666666666667
2013-08-15 00:01:05,0.55625,447392.0,0.1333333333333333,10.8,0.0666666666666666,1.6
2013-08-15 00:06:05,0.4958333333333333,89478.4,0.0,20.866666666666667,0.0,0.4666666666666667
2013-08-15 00:11:05,0.5333333333333333,0.0,0.0666666666666666,8.6,0.0,1.1333333333333333
2013-08-15 00:16:05,0.46875,0.0,0.0666666666666666,20.6,0.0,0.3333333333333333
2013-08-15 00:21:05,0.5479166666666666,0.0,0.0666666666666666,8.866666666666667,0.0,1.2666666666666666
2013-08-15 00:26:05,0.4666666666666666,0.0,0.0666666666666666,20.6,0.0,0.2666666666666666
2013-08-15 00:31:05,0.5104166666666666,0.0,0.0666666666666666,9.2,0.0,1.3333333333333333
2013-08-15 00:36:05,0.50625,0.0,0.0666666666666666,20.4,0.0,0.5333333333333333
2013-08-15 00:41:05,0.53125,0.0,0.0714285714285714,8.642857142857142,0.0,1.0666666666666669
2013-08-15 00:46:05,0.5458333333333334,0.0,0.1333333333333333,21.066666666666663,0.0,1.1333333333333333
2013-08-15 00:51:05,0.575,0.0,170.66666666666666,41.13333333333334,0.0666666666666666,1.8
2013-08-15 00:56:05,1.1,357913.6,690.0,1332.6,228.8,6.266666666666667
2013-08-15 01:01:05,0.5375,447392.0,0.1333333333333333,13.133333333333333,0.0,1.6666666666666667
2013-08-15 01:06:05,0.6395833333333334,0.0,0.0666666666666666,23.133333333333333,0.0,1.0666666666666669
2013-08-15 01:11:05,0.5166666666666666,268435.2,0.0666666666666666,9.8,0.0,1.1333333333333333
2013-08-15 01:16:05,0.5,447392.0,0.0666666666666666,20.933333333333334,0.0,0.6666666666666666
2013-08-15 01:21:06,0.51875,0.0,0.1333333333333333,9.8,0.0,0.9333333333333332
2013-08-15 01:26:06,0.5375,0.0,0.0666666666666666,20.866666666666667,0.0,1.2666666666666666
2013-08-15 01:31:06,0.5291666666666667,0.0,0.1333333333333333,9.733333333333333,0.0,1.2
2013-08-15 01:36:06,0.5375,89478.4,0.0666666666666666,21.466666666666665,0.0,1.2
2013-08-15 01:41:06,0.5291666666666667,178956.8,0.1333333333333333,15.133333333333333,0.2666666666666666,1.3333333333333333
2013-08-15 01:46:06,0.54375,0.0,0.1333333333333333,22.133333333333333,0.0,1.1333333333333333
2013-08-15 01:51:06,0.5291666666666667,0.0,0.0666666666666666,9.533333333333331,0.0,1.1333333333333333
2013-08-15 01:56:06,0.5,0.0,0.0,22.266666666666666,0.0,0.5333333333333333
2013-08-15 02:01:06,0.525,0.0,0.2,11.866666666666664,0.0666666666666666,1.6
2013-08-15 02:06:06,0.54375,0.0,0.0666666666666666,20.866666666666667,0.0,1.0666666666666669
2013-08-15 02:11:06,0.5333333333333333,0.0,0.0666666666666666,10.133333333333333,0.0,1.2666666666666666
2013-08-15 02:16:06,0.5416666666666666,0.0,0.0666666666666666,21.4,0.0,1.1333333333333333
2013-08-15 02:21:06,0.5291666666666667,0.0,0.0666666666666666,9.8,0.0,1.2666666666666666
2013-08-15 02:26:06,0.5375,0.0,0.0666666666666666,22.4,0.0,1.0666666666666669
2013-08-15 02:31:06,0.5354166666666667,0.0,0.0666666666666666,10.0,0.0,1.1333333333333333
2013-08-15 02:36:06,0.51875,0.0,0.0666666666666666,21.066666666666663,0.0,1.2
2013-08-15 02:41:06,0.49375,0.0,0.0666666666666666,9.2,0.0,0.4666666666666667
2013-08-15 02:46:06,0.5479166666666666,0.0,0.0666666666666666,20.4,0.0,1.0666666666666669
2013-08-15 02:51:06,0.53125,0.0,0.0666666666666666,9.466666666666669,0.0,1.1333333333333333
2013-08-15 02:56:06,0.5354166666666667,0.0,0.0666666666666666,21.0,0.0,1.2666666666666666
2013-08-15 03:01:06,0.5375,0.0,0.1333333333333333,10.666666666666666,0.0,1.6666666666666667
2013-08-15 03:06:06,0.5375,0.0,0.1333333333333333,20.933333333333334,0.0,1.2
2013-08-15 03:11:06,0.5291666666666667,0.0,0.0666666666666666,9.4,0.0,1.1333333333333333
2013-08-15 03:16:06,0.51875,0.0,0.0,20.866666666666667,0.0,1.0
2013-08-15 03:21:06,0.5020833333333333,0.0,0.1333333333333333,9.266666666666666,0.0,0.7333333333333333
2013-08-15 03:26:06,0.5375,0.0,0.1333333333333333,25.866666666666667,0.2666666666666666,1.1333333333333333
2013-08-15 03:31:06,0.5395833333333333,0.0,0.0666666666666666,8.733333333333334,0.0,1.2666666666666666
2013-08-15 03:36:06,0.5375,0.0,0.0666666666666666,21.066666666666663,0.0,1.1333333333333333
2013-08-15 03:41:06,0.5354166666666667,268435.2,0.1333333333333333,9.333333333333334,0.0,1.2666666666666666
2013-08-15 03:46:06,0.5375,0.0,0.0666666666666666,20.666666666666664,0.0,1.0666666666666669
2013-08-15 03:51:06,0.53125,0.0,0.0666666666666666,8.4,0.0,1.1333333333333333
2013-08-15 03:56:07,0.5229166666666667,0.0,0.0666666666666666,20.8,0.0,1.1333333333333333
2013-08-15 04:01:07,0.4958333333333333,0.0,0.0666666666666666,11.0,0.0,1.0
2013-08-15 04:06:07,0.525,0.0,0.1333333333333333,21.066666666666663,0.0,1.0
2013-08-15 04:11:07,0.5354166666666667,0.0,0.0666666666666666,9.333333333333332,0.0,1.0666666666666669
2013-08-15 04:16:07,0.54375,0.0,0.0666666666666666,20.46666666666667,0.0,1.0666666666666669
2013-08-15 04:21:06,0.5333333333333333,0.0,0.0666666666666666,9.8,0.0,1.2
2013-08-15 04:26:06,0.53125,626348.8,0.0666666666666666,8.866666666666667,0.0,1.0666666666666669
2013-08-15 04:31:06,0.5395833333333333,536870.4,0.0666666666666666,21.266666666666666,0.0,1.3333333333333333
2013-08-15 04:36:06,0.53125,0.0,0.1333333333333333,9.2,0.0,1.1333333333333333
2013-08-15 04:41:06,0.50625,0.0,0.0666666666666666,21.266666666666666,0.0,1.2
2013-08-15 04:46:06,0.49375,0.0,0.0666666666666666,8.733333333333334,0.0,0.5333333333333333
2013-08-15 04:51:07,0.5479166666666666,0.0,0.0666666666666666,20.266666666666666,0.0,0.8
2013-08-15 04:56:07,0.5270833333333333,0.0,0.1333333333333333,9.133333333333333,0.0,1.2
2013-08-15 05:01:07,0.5583333333333333,0.0,0.1333333333333333,27.53333333333333,0.2,1.7333333333333334
2013-08-15 05:06:07,0.5333333333333333,268435.2,0.0666666666666666,27.8,0.0,1.2
2013-08-15 05:11:07,0.5395833333333333,0.0,0.1333333333333333,20.33333333333333,0.0,1.1333333333333333
2013-08-15 05:16:07,0.53125,0.0,0.0666666666666666,9.2,0.0,1.2666666666666666
2013-08-15 05:21:07,0.5145833333333334,0.0,0.0666666666666666,20.4,0.0,1.1333333333333333
2013-08-15 05:26:07,0.4854166666666666,0.0,0.0666666666666666,8.866666666666667,0.0,0.6
2013-08-15 05:31:07,0.5354166666666667,0.0,0.0666666666666666,21.0,0.0,0.8666666666666667
2013-08-15 05:36:07,0.5354166666666667,0.0,0.0666666666666666,8.4,0.0,1.1333333333333333
2013-08-15 05:41:07,0.5416666666666666,0.0,0.0666666666666666,20.4,0.0,1.1333333333333333
2013-08-15 05:46:07,0.5333333333333333,0.0,0.0666666666666666,8.933333333333334,0.0,1.0666666666666669
2013-08-15 05:51:07,0.5375,0.0,0.0666666666666666,20.666666666666668,0.0,1.3333333333333333
2013-08-15 05:56:07,0.53125,0.0,0.1333333333333333,9.066666666666666,0.0,1.0666666666666669
2013-08-15 06:01:07,0.5333333333333333,268435.2,0.1333333333333333,22.53333333333333,0.0,1.8
2013-08-15 06:06:07,0.4833333333333333,0.0,0.0,9.133333333333333,0.0,0.5333333333333333
2013-08-15 06:11:07,0.5166666666666666,0.0,0.0666666666666666,20.6,0.0,0.8666666666666667
2013-08-15 06:16:07,0.5270833333333333,0.0,0.0666666666666666,8.333333333333334,0.0,1.2666666666666666
2013-08-15 06:21:07,0.55,0.0,0.0666666666666666,20.8,0.0,1.0
2013-08-15 06:26:07,0.5291666666666667,0.0,0.0666666666666666,9.066666666666666,0.0,1.2666666666666666
2013-08-15 06:31:07,0.55,447392.0,0.0666666666666666,20.066666666666663,0.0,1.0666666666666669
2013-08-15 06:36:07,0.5270833333333333,357913.6,0.1333333333333333,9.066666666666666,0.0,1.2
2013-08-15 06:41:07,0.5479166666666666,0.0,14.066666666666666,34.2,0.3333333333333333,1.3333333333333333
2013-08-15 06:46:07,0.4854166666666666,0.0,0.0666666666666666,9.266666666666666,0.0,1.1333333333333333
2013-08-15 06:51:07,0.5083333333333333,89478.4,0.0666666666666666,20.53333333333333,0.0,0.3333333333333333
2013-08-15 06:56:07,0.5333333333333333,1073740.8,0.0666666666666666,8.666666666666668,0.0,1.2666666666666666
2013-08-15 07:01:07,0.5479166666666666,89478.4,0.1333333333333333,22.4,0.0,1.6
2013-08-15 07:06:07,0.5354166666666667,0.0,0.0666666666666666,9.066666666666666,0.0,1.1333333333333333
2013-08-15 07:11:07,0.5416666666666666,536870.4,0.0666666666666666,21.266666666666666,0.0,1.2
2013-08-15 07:16:08,0.5375,268435.2,0.1333333333333333,9.333333333333334,0.0,1.0666666666666669
2013-08-15 07:21:08,0.6729166666666667,357913.6,0.6,29.4,16.6,31.266666666666666
2013-08-15 07:26:08,0.5041666666666667,894784.0,0.0,8.933333333333334,0.0,1.0666666666666669
2013-08-15 07:31:08,0.5041666666666667,0.0,0.9333333333333332,23.066666666666663,1.933333333333333,3.866666666666666
2013-08-15 07:36:08,0.5291666666666667,805305.6,0.1333333333333333,9.666666666666666,0.1333333333333333,0.9333333333333332
2013-08-15 07:41:08,0.5395833333333333,357913.6,0.0666666666666666,20.133333333333333,0.0,1.1333333333333333
2013-08-15 07:46:08,0.5354166666666667,536870.4,0.0666666666666666,9.2,0.2,1.2666666666666666
2013-08-15 07:51:08,0.5541666666666667,268435.2,0.0666666666666666,20.866666666666667,0.0,1.0666666666666669
2013-08-15 07:56:08,0.6041666666666666,178956.8,0.1333333333333333,17.733333333333334,12.333333333333334,22.466666666666665
2013-08-15 08:01:08,0.5708333333333333,0.0,0.0666666666666666,23.866666666666667,0.6,2.2666666666666666
2013-08-15 08:06:08,0.6125,268435.2,0.2,18.466666666666665,14.333333333333334,26.53333333333333
2013-08-15 08:11:08,0.5020833333333333,0.0,0.0,22.0,1.0666666666666669,1.5333333333333334
2013-08-15 08:16:08,0.5125,0.0,0.0666666666666666,9.733333333333334,0.0,0.9333333333333332
2013-08-15 08:21:08,0.53125,0.0,0.1333333333333333,20.266666666666666,0.0,1.2
2013-08-15 08:26:08,0.5354166666666667,0.0,0.0666666666666666,8.933333333333334,0.0,1.1333333333333333
2013-08-15 08:31:08,0.54375,0.0,0.0666666666666666,21.33333333333333,0.0,1.0666666666666669
2013-08-15 08:36:08,0.5479166666666666,0.0,0.1333333333333333,10.866666666666667,0.8,1.6666666666666667
2013-08-15 08:41:08,0.6333333333333333,0.0,0.2,38.13333333333333,14.2,24.066666666666663
2013-08-15 08:46:08,0.6125,0.0,0.1333333333333333,18.46666666666667,13.066666666666666,23.266666666666666
2013-08-15 08:51:08,0.5979166666666667,0.0,0.0666666666666666,31.8,13.133333333333333,22.466666666666665
2013-08-15 08:56:08,0.5104166666666666,0.0,0.0666666666666666,10.866666666666667,0.9333333333333332,1.1333333333333333
2013-08-15 09:01:08,0.6416666666666667,268435.2,0.8666666666666667,33.13333333333333,13.4,23.53333333333333
2013-08-15 09:06:08,0.6229166666666667,536870.4,0.1333333333333333,19.2,14.266666666666667,25.666666666666668
2013-08-15 09:11:08,0.5645833333333333,0.0,0.0666666666666666,24.33333333333333,1.8,3.066666666666667
2013-08-15 09:16:08,0.5291666666666667,0.0,0.0666666666666666,10.333333333333334,0.0,1.1333333333333333
2013-08-15 09:21:08,0.7020833333333333,0.0,0.3333333333333333,38.333333333333336,25.866666666666667,45.6
2013-08-15 09:26:08,0.5375,0.0,0.0666666666666666,9.866666666666667,0.0,1.2666666666666666
2013-08-15 09:31:08,0.5229166666666667,268435.2,0.0666666666666666,22.2,0.0,1.1333333333333333
2013-08-15 09:36:08,0.49375,0.0,0.0666666666666666,9.6,0.0,0.6666666666666666
2013-08-15 09:41:08,0.5291666666666667,0.0,0.1333333333333333,20.866666666666667,0.0,0.8666666666666667
2013-08-15 09:46:08,0.5479166666666666,1163219.2,0.0666666666666666,10.666666666666666,0.8666666666666667,2.0
2013-08-15 09:51:08,0.53125,178956.8,0.0666666666666666,21.066666666666663,0.0,1.0
2013-08-15 09:56:08,0.5395833333333333,0.0,0.1333333333333333,9.4,0.0,1.2
2013-08-15 10:01:08,0.5416666666666666,0.0,0.0666666666666666,12.133333333333333,0.0,1.6666666666666667
2013-08-15 10:06:08,0.55625,0.0,0.1333333333333333,22.53333333333333,0.3333333333333333,1.4666666666666666
2013-08-15 10:11:08,0.6020833333333333,0.0,0.1333333333333333,19.0,13.066666666666666,22.53333333333333
2013-08-15 10:16:08,0.5125,0.0,0.0,21.933333333333334,0.6666666666666666,1.2
2013-08-15 10:21:08,0.5291666666666667,268435.2,0.0666666666666666,10.533333333333331,0.5333333333333333,1.4666666666666666
2013-08-15 10:26:08,0.5458333333333334,0.0,0.2666666666666666,19.866666666666667,0.0,1.1333333333333333
2013-08-15 10:31:08,0.53125,0.0,0.1333333333333333,14.333333333333334,0.2666666666666666,1.2
2013-08-15 10:36:08,0.5395833333333333,268435.2,0.0666666666666666,20.73333333333333,0.0,1.2666666666666666
2013-08-15 10:41:09,0.53125,0.0,0.1333333333333333,9.533333333333331,0.0,1.0666666666666669
2013-08-15 10:46:09,0.5416666666666666,0.0,0.0666666666666666,21.133333333333333,0.0,1.2
2013-08-15 10:51:09,0.5229166666666667,0.0,0.1333333333333333,9.333333333333334,0.0,1.1333333333333333
2013-08-15 10:56:09,0.5041666666666667,0.0,0.0,20.53333333333333,0.0,0.9333333333333332
2013-08-15 11:01:09,0.5208333333333334,0.0,0.1333333333333333,11.0,0.0,1.0666666666666669
2013-08-15 11:06:09,0.5458333333333334,0.0,0.1333333333333333,20.53333333333333,0.0,1.2
2013-08-15 11:11:09,0.525,0.0,0.0666666666666666,9.2,0.0,1.0666666666666669
2013-08-15 11:16:09,0.6375,268435.2,0.1333333333333333,29.8,14.733333333333333,27.2
2013-08-15 11:21:09,0.55,0.0,0.0666666666666666,11.533333333333331,1.4666666666666666,2.2
2013-08-15 11:26:09,0.54375,0.0,0.0666666666666666,21.0,0.0,1.2
2013-08-15 11:31:09,0.5270833333333333,0.0,0.1333333333333333,9.4,0.0,1.0666666666666669
2013-08-15 11:36:09,0.525,0.0,0.0666666666666666,20.933333333333334,0.0,1.2
2013-08-15 11:41:09,0.4916666666666666,536870.4,0.0666666666666666,9.266666666666666,0.0,0.5333333333333333
2013-08-15 11:46:09,0.5479166666666666,268435.2,0.0666666666666666,21.266666666666666,0.0,1.1333333333333333
2013-08-15 11:51:09,0.5291666666666667,89478.4,0.0666666666666666,9.866666666666667,0.0,1.0666666666666669
2013-08-15 11:56:09,0.5416666666666666,805305.6,0.0666666666666666,22.133333333333333,0.0,1.2666666666666666
2013-08-15 12:01:09,0.5416666666666666,0.0,0.1333333333333333,11.666666666666666,0.0,1.6
2013-08-15 12:06:09,0.54375,0.0,0.0666666666666666,21.73333333333333,0.1333333333333333,1.2666666666666666
2013-08-15 12:11:09,0.5333333333333333,0.0,0.1333333333333333,9.8,0.0,1.1333333333333333
2013-08-15 12:16:09,0.53125,0.0,0.0666666666666666,21.53333333333333,0.0,1.2666666666666666
2013-08-15 12:21:09,0.4833333333333333,0.0,0.0,9.6,0.0,0.4666666666666667
2013-08-15 12:26:09,0.53125,0.0,0.1333333333333333,21.666666666666668,0.0,1.0
2013-08-15 12:31:09,0.5458333333333334,0.0,0.1333333333333333,14.066666666666666,0.2666666666666666,1.2666666666666666
2013-08-15 12:36:09,0.54375,0.0,0.0666666666666666,21.73333333333333,0.0,1.1333333333333333
2013-08-15 12:41:09,0.5291666666666667,0.0,0.0666666666666666,9.0,0.0,1.2
2013-08-15 12:46:09,0.54375,0.0,0.1333333333333333,21.133333333333333,0.0,1.1333333333333333
2013-08-15 12:51:09,0.5333333333333333,268435.2,0.0666666666666666,9.0,0.0,1.2
2013-08-15 12:56:09,0.5375,0.0,0.0666666666666666,21.266666666666666,0.0,1.0666666666666669
2013-08-15 13:01:09,0.4958333333333333,0.0,0.0666666666666666,10.466666666666669,0.0,1.0666666666666669
2013-08-15 13:06:09,0.5270833333333333,0.0,0.0666666666666666,21.0,0.0,0.9333333333333332
2013-08-15 13:11:09,0.53125,0.0,0.0666666666666666,8.933333333333334,0.0,1.1333333333333333
2013-08-15 13:16:09,0.5541666666666667,0.0,0.0666666666666666,21.133333333333333,0.0,1.0666666666666669
2013-08-15 13:21:09,0.5229166666666667,0.0,0.1333333333333333,9.6,0.0,1.1333333333333333
2013-08-15 13:26:09,0.54375,0.0,0.0666666666666666,21.266666666666666,0.0,1.1333333333333333
2013-08-15 13:31:09,0.5291666666666667,0.0,0.0666666666666666,9.133333333333333,0.0,1.0666666666666669
2013-08-15 13:36:09,0.5458333333333334,268435.2,0.0666666666666666,21.4,0.0,1.2
2013-08-15 13:41:09,0.4958333333333333,0.0,0.0666666666666666,9.266666666666666,0.0,1.1333333333333333
2013-08-15 13:46:09,0.5020833333333333,0.0,0.0666666666666666,20.666666666666664,0.0,0.6666666666666666
2013-08-15 13:51:09,0.8229166666666667,536870.4,161.13333333333333,126.0,0.0,1.5333333333333334
2013-08-15 13:56:09,0.5458333333333334,2326438.4,0.0666666666666666,20.933333333333334,0.0,1.2666666666666666
2013-08-15 14:01:09,0.6041666666666666,0.0,31.866666666666667,17.46666666666667,0.0,1.4666666666666666
2013-08-15 14:06:09,0.5666666666666667,536870.4,0.1333333333333333,26.6,0.2666666666666666,1.4
2013-08-15 14:11:09,0.5333333333333333,0.0,0.1333333333333333,9.2,0.0,1.2
2013-08-15 14:16:09,0.54375,0.0,0.0666666666666666,21.6,0.0,1.1333333333333333
2013-08-15 14:21:09,0.5083333333333333,0.0,0.0666666666666666,9.266666666666666,0.0,1.4
2013-08-15 14:26:09,0.4916666666666666,268435.2,0.0666666666666666,20.866666666666667,0.0,0.5333333333333333
2013-08-15 14:31:09,0.5125,0.0,0.0666666666666666,9.4,0.0,1.0
2013-08-15 14:36:09,0.5541666666666667,0.0,0.1333333333333333,20.8,0.0,1.0666666666666669
2013-08-15 14:41:09,0.5270833333333333,0.0,0.0666666666666666,9.666666666666668,0.0,1.1333333333333333
2013-08-15 14:46:10,0.55625,0.0,0.0666666666666666,21.4,0.0,1.2666666666666666
2013-08-15 14:51:10,0.53125,178956.8,0.1333333333333333,9.2,0.0,1.0666666666666669
2013-08-15 14:56:10,0.5395833333333333,357913.6,0.0666666666666666,21.466666666666665,0.0,1.2666666666666666
2013-08-15 15:01:10,0.5354166666666667,357913.6,0.1333333333333333,12.266666666666667,0.0,1.5333333333333334
2013-08-15 15:06:10,0.5125,536870.4,0.0666666666666666,30.6,2.533333333333333,0.6
2013-08-15 15:11:10,0.5354166666666667,357913.6,0.0666666666666666,28.53333333333333,4.6,1.0
2013-08-15 15:16:10,0.4895833333333333,0.0,0.0666666666666666,38.06666666666667,4.733333333333333,0.4666666666666667
2013-08-15 15:21:10,0.575,357913.6,0.0666666666666666,26.33333333333333,4.666666666666667,1.1333333333333333
2013-08-15 15:26:10,0.4895833333333333,357913.6,0.0,38.400000000000006,4.8,0.4
2013-08-15 15:31:10,0.5666666666666667,0.0,0.1333333333333333,26.73333333333333,4.8,1.2666666666666666
2013-08-15 15:36:10,0.4895833333333333,0.0,0.0,35.86666666666667,4.733333333333333,0.4
2013-08-15 15:41:10,0.56875,0.0,0.1333333333333333,28.8,4.733333333333333,1.1333333333333333
2013-08-15 15:46:10,0.4958333333333333,0.0,0.0,31.666666666666668,5.066666666666666,0.5333333333333333
2013-08-15 15:51:10,0.5666666666666667,0.0,0.1333333333333333,37.53333333333333,4.533333333333333,1.3333333333333333
2013-08-15 15:56:10,0.4854166666666666,0.0,0.0,26.066666666666663,4.8,0.3333333333333333
2013-08-15 16:01:10,0.5770833333333334,178956.8,0.1333333333333333,39.86666666666667,4.666666666666667,1.7333333333333334
2013-08-15 16:06:10,0.5,357913.6,0.0,26.33333333333333,4.666666666666667,0.3333333333333333
2013-08-15 16:11:10,0.5729166666666666,626348.8,0.1333333333333333,37.06666666666667,4.666666666666667,1.2
2013-08-15 16:16:10,0.49375,0.0,0.0,25.866666666666667,4.8,0.3333333333333333
2013-08-15 16:21:10,0.5583333333333333,0.0,0.0666666666666666,55.266666666666666,4.666666666666667,1.1333333333333333
2013-08-15 16:26:10,0.5020833333333333,0.0,0.0666666666666666,26.73333333333333,4.666666666666667,0.4666666666666667
2013-08-15 16:31:10,0.5125,0.0,0.0,36.66666666666667,4.6,0.5333333333333333
2013-08-15 16:36:10,0.5520833333333334,0.0,0.1333333333333333,27.066666666666663,4.6,1.1333333333333333
2013-08-15 16:41:10,0.4895833333333333,0.0,0.0,36.8,4.533333333333333,0.2666666666666666
2013-08-15 16:46:10,0.5625,0.0,0.1333333333333333,25.466666666666665,4.733333333333333,1.3333333333333333
2013-08-15 16:51:10,0.5104166666666666,0.0,0.0,38.266666666666666,4.733333333333333,0.3333333333333333
2013-08-15 16:56:10,0.5583333333333333,0.0,0.1333333333333333,26.0,4.866666666666666,1.2666666666666666
2013-08-15 17:01:10,0.50625,0.0,0.0666666666666666,39.333333333333336,4.666666666666667,0.8
2013-08-15 17:06:10,0.5541666666666667,268435.2,0.0666666666666666,26.266666666666666,4.666666666666667,1.1333333333333333
2013-08-15 17:11:10,0.4895833333333333,268435.2,0.0,38.06666666666666,4.666666666666667,0.4666666666666667
2013-08-15 17:16:10,0.5625,0.0,0.1333333333333333,25.33333333333333,4.8,1.1333333333333333
2013-08-15 17:21:10,0.49375,0.0,0.0666666666666666,43.93333333333333,4.8,0.6
2013-08-15 17:26:11,0.5604166666666667,0.0,0.1333333333333333,26.133333333333333,4.8,1.1333333333333333
2013-08-15 17:31:11,0.4895833333333333,0.0,0.0,38.0,4.533333333333333,0.5333333333333333
2013-08-15 17:36:11,0.5708333333333333,0.0,0.1333333333333333,25.933333333333334,4.866666666666666,1.2666666666666666
2013-08-15 17:41:11,0.4854166666666666,0.0,0.0,37.13333333333333,4.666666666666667,0.3333333333333333
2013-08-15 17:46:11,0.5395833333333333,0.0,0.0666666666666666,25.866666666666667,4.8,1.2666666666666666
2013-08-15 17:51:11,0.5270833333333333,0.0,0.0666666666666666,37.73333333333333,4.8,0.3333333333333333
2013-08-15 17:56:11,0.49375,0.0,0.0666666666666666,24.6,4.933333333333334,0.6666666666666666
2013-08-15 18:01:10,0.5666666666666667,0.0,0.1333333333333333,40.4,4.6,1.5333333333333334
2013-08-15 18:06:10,0.4875,268435.2,0.0,25.73333333333333,4.866666666666666,0.5333333333333333
2013-08-15 18:11:10,0.5666666666666667,268435.2,0.0666666666666666,37.6,4.8,1.1333333333333333
2013-08-15 18:16:10,0.4875,447392.0,0.0666666666666666,26.6,4.8,0.4666666666666667
2013-08-15 18:21:10,0.56875,268435.2,0.0666666666666666,37.33333333333333,4.666666666666667,1.1333333333333333
2013-08-15 18:26:10,0.4895833333333333,0.0,0.0666666666666666,26.2,4.6,0.4666666666666667
2013-08-15 18:31:10,0.575,626348.8,0.0666666666666666,37.53333333333333,4.666666666666667,1.1333333333333333
2013-08-15 18:36:11,0.4875,536870.4,0.0666666666666666,25.933333333333334,4.8,0.6
2013-08-15 18:41:11,0.5729166666666666,0.0,0.0666666666666666,37.6,4.533333333333333,1.1333333333333333
2013-08-15 18:46:11,0.4875,0.0,0.0666666666666666,26.4,4.866666666666666,0.4
2013-08-15 18:51:11,0.5645833333333333,0.0,0.0666666666666666,37.73333333333333,4.6,1.2
2013-08-15 18:56:11,0.4854166666666666,0.0,0.0666666666666666,25.866666666666667,4.733333333333333,0.4
2013-08-15 19:01:11,0.5666666666666667,0.0,0.1333333333333333,40.13333333333333,4.666666666666667,1.7333333333333334
2013-08-15 19:06:11,0.5083333333333333,0.0,0.0,26.2,4.733333333333333,0.4
2013-08-15 19:11:11,0.51875,0.0,0.0666666666666666,36.2,4.533333333333333,0.5333333333333333
2013-08-15 19:16:11,0.5520833333333334,536870.4,0.0666666666666666,29.53333333333333,5.0,1.2666666666666666
2013-08-15 19:21:11,0.4958333333333333,268435.2,0.1333333333333333,41.0,4.533333333333333,0.2666666666666666
2013-08-15 19:26:11,0.5604166666666667,0.0,0.0666666666666666,25.466666666666665,4.666666666666667,1.2666666666666666
2013-08-15 19:31:11,0.4958333333333333,0.0,0.0,38.266666666666666,4.6,0.3333333333333333
2013-08-15 19:36:11,0.5604166666666667,0.0,0.1333333333333333,25.33333333333333,4.8,1.2666666666666666
2013-08-15 19:41:11,0.4875,0.0,0.0,38.93333333333333,4.533333333333333,0.3333333333333333
2013-08-15 19:46:11,0.55625,447392.0,0.1333333333333333,25.4,4.8,1.3333333333333333
2013-08-15 19:51:11,0.50625,1073740.8,0.0,37.86666666666666,4.666666666666667,0.2666666666666666
2013-08-15 19:56:11,0.5604166666666667,268435.2,0.1333333333333333,25.0,4.8,1.2666666666666666
2013-08-15 20:01:11,0.5083333333333333,0.0,0.0666666666666666,39.400000000000006,4.666666666666667,0.8
2013-08-15 20:06:11,0.5604166666666667,268435.2,0.0666666666666666,25.8,4.733333333333333,1.2666666666666666
2013-08-15 20:11:11,0.4916666666666666,0.0,0.0,37.400000000000006,4.6,0.3333333333333333
2013-08-15 20:16:11,0.5645833333333333,0.0,0.1333333333333333,26.0,4.666666666666667,1.3333333333333333
2013-08-15 20:21:11,0.4979166666666666,0.0,0.0,38.266666666666666,4.666666666666667,0.4666666666666667
2013-08-15 20:26:11,0.5520833333333334,0.0,0.0666666666666666,25.066666666666663,4.666666666666667,1.1333333333333333
2013-08-15 20:31:11,0.5083333333333333,0.0,0.0666666666666666,38.53333333333333,4.533333333333333,0.3333333333333333
2013-08-15 20:36:11,0.51875,0.0,0.0666666666666666,25.0,4.8,0.6666666666666666
2013-08-15 20:41:11,0.5604166666666667,0.0,0.0666666666666666,38.6,4.733333333333333,0.9333333333333332
2013-08-15 20:46:11,0.4958333333333333,0.0,0.0666666666666666,26.2,4.733333333333333,0.6666666666666666
2013-08-15 20:51:11,0.55625,0.0,0.0666666666666666,37.0,4.733333333333333,1.0666666666666669
2013-08-15 20:56:11,0.4979166666666666,805305.6,0.1333333333333333,31.33333333333333,5.0,0.6666666666666666
2013-08-15 21:01:11,0.5604166666666667,0.0,0.2,39.8,4.733333333333333,1.6
2013-08-15 21:06:11,0.4958333333333333,0.0,0.0666666666666666,26.2,4.666666666666667,0.5333333333333333
2013-08-15 21:11:12,0.5583333333333333,0.0,0.0666666666666666,37.0,4.733333333333333,1.1333333333333333
2013-08-15 21:16:12,0.575,0.0,0.0666666666666666,27.266666666666666,4.8,1.3333333333333333
2013-08-15 21:21:12,0.4916666666666666,0.0,0.0,38.6,4.733333333333333,0.3333333333333333
2013-08-15 21:26:12,0.5770833333333334,0.0,0.1333333333333333,36.66666666666667,4.8,1.0666666666666669
2013-08-15 21:31:12,0.4916666666666666,0.0,0.0,37.6,4.733333333333333,0.5333333333333333
2013-08-15 21:36:12,0.56875,0.0,0.1333333333333333,26.933333333333334,4.733333333333333,1.0666666666666669
2013-08-15 21:41:12,0.4833333333333333,0.0,0.0,26.133333333333333,4.666666666666667,0.4666666666666667
2013-08-15 21:46:12,0.5416666666666666,0.0,0.0666666666666666,37.333333333333336,4.8,1.2
2013-08-15 21:51:12,0.5104166666666666,0.0,0.0666666666666666,26.2,4.666666666666667,0.4666666666666667
2013-08-15 21:56:12,0.5020833333333333,0.0,0.0666666666666666,37.2,4.8,0.5333333333333333
2013-08-15 22:01:12,0.5583333333333333,536870.4,0.2,29.133333333333333,4.733333333333333,1.4666666666666666
2013-08-15 22:06:12,0.5104166666666666,0.0,0.0,37.66666666666667,4.8,0.5333333333333333
2013-08-15 22:11:12,0.5416666666666666,0.0,0.1333333333333333,14.666666666666668,1.7333333333333334,1.1333333333333333
2013-08-15 22:16:12,0.4791666666666666,0.0,0.0,21.666666666666668,0.0,0.5333333333333333
2013-08-15 22:21:12,0.5333333333333333,0.0,0.1333333333333333,8.399999999999999,0.0,1.0666666666666669
2013-08-15 22:26:12,0.46875,178956.8,0.0,21.0,0.0,0.4666666666666667
2013-08-15 22:31:12,0.53125,357913.6,0.1333333333333333,8.933333333333334,0.0,1.0666666666666669
2013-08-15 22:36:12,0.46875,0.0,0.0666666666666666,20.866666666666667,0.0,0.4666666666666667
2013-08-15 22:41:12,0.5291666666666667,894784.0,0.0666666666666666,8.799999999999999,0.0,1.1333333333333333
2013-08-15 22:46:12,0.4666666666666666,0.0,0.0,20.933333333333334,0.0,0.4666666666666667
2013-08-15 22:51:12,0.5458333333333334,0.0,14.2,22.2,0.3333333333333333,1.3333333333333333
2013-08-15 22:56:12,0.46875,0.0,0.0,20.933333333333334,0.0,0.3333333333333333
2013-08-15 23:01:12,0.5458333333333334,0.0,0.1333333333333333,10.266666666666666,0.0,1.7333333333333334
2013-08-15 23:06:12,0.4854166666666666,0.0,0.0,20.933333333333334,0.1333333333333333,0.2666666666666666
2013-08-15 23:11:12,0.5104166666666666,0.0,0.0666666666666666,8.466666666666667,0.0,1.0
2013-08-15 23:16:12,0.5458333333333334,0.0,0.0666666666666666,21.266666666666666,0.0,0.5333333333333333
2013-08-15 23:21:12,0.4833333333333333,0.0,0.0,8.466666666666667,0.0,0.3333333333333333
2013-08-15 23:26:12,0.5916666666666667,0.0,0.1333333333333333,20.933333333333334,0.0,1.2666666666666666
2013-08-15 23:31:12,0.4895833333333333,0.0,0.0,9.266666666666666,0.0,0.3333333333333333
2013-08-15 23:36:12,0.5979166666666667,0.0,0.1333333333333333,21.066666666666663,0.0,1.2666666666666666
2013-08-15 23:41:12,0.49375,268435.2,0.0,9.4,0.0,0.2666666666666666
2013-08-15 23:46:12,0.6145833333333334,268435.2,0.1428571428571428,21.857142857142858,0.0,1.3333333333333333
2013-08-15 23:51:12,0.475,0.0,0.0,9.571428571428571,0.0,0.3333333333333333
2013-08-15 23:56:12,0.56875,89478.4,0.1333333333333333,21.066666666666663,0.0,1.2666666666666666
2013-08-16 00:01:12,0.4770833333333333,178956.8,0.0666666666666666,11.066666666666666,0.0,0.8
2013-08-16 00:06:12,0.575,0.0,0.0666666666666666,21.0,0.0,1.2666666666666666
2013-08-16 00:11:12,0.45625,0.0,0.0666666666666666,9.333333333333332,0.0,0.2666666666666666
2013-08-16 00:16:12,0.54375,0.0,0.0666666666666666,20.46666666666667,0.0,1.3333333333333333
2013-08-16 00:21:12,0.5270833333333333,447392.0,0.0666666666666666,9.8,0.0,1.0666666666666669
2013-08-16 00:26:12,0.4916666666666666,715827.2,0.0666666666666666,20.933333333333334,0.0,0.6666666666666666
2013-08-16 00:31:12,0.5291666666666667,0.0,0.0666666666666666,10.266666666666666,0.0,1.0
2013-08-16 00:36:12,0.5395833333333333,626348.8,0.0666666666666666,21.066666666666663,0.0,1.0666666666666669
2013-08-16 00:41:12,0.5291666666666667,0.0,0.0666666666666666,9.666666666666668,0.0,1.1333333333333333
2013-08-16 00:46:12,0.5458333333333334,0.0,0.0666666666666666,21.6,0.0,1.1333333333333333
2013-08-16 00:51:12,0.5333333333333333,0.0,0.1333333333333333,14.866666666666667,0.2,1.3333333333333333
2013-08-16 00:56:12,0.54375,0.0,0.0666666666666666,21.466666666666665,0.0,1.1333333333333333
