Timestamp [ms],CPU usage [MHZ],CPU usage [%],Memory usage [KB],Disk read throughput [KB/s],Disk write throughput [KB/s],Network received throughput [KB/s],Network transmitted throughput [KB/s]
1970-01-16 22:50:00.230,62.42132394666667,0.5333333333333333,0.0,0.0,0.6,0.0,1.0
1970-01-16 22:50:00.530,70.22398944000001,0.6,0.0,0.0,0.5333333333333333,0.0,1.0
1970-01-16 22:50:00.830,83.87865405333334,0.7166666666666667,0.0,0.0,0.5333333333333333,0.0,1.0
1970-01-16 22:50:01.130,85.82932042666667,0.7333333333333333,178956.8,0.0,0.5333333333333333,0.0,1.0
1970-01-16 22:50:01.430,70.22398944000001,0.6,223696.0,0.0,0.5333333333333333,0.0,1.0
1970-01-16 22:50:01.730,66.32265669333334,0.5666666666666667,0.0,0.0,0.6,0.0,1.0
1970-01-16 22:50:02.030,70.22398944000001,0.6,0.0,0.0,0.5333333333333333,0.0,1.0
1970-01-16 22:50:02.330,74.12532218666666,0.6333333333333333,0.0,0.0,0.6,0.0,1.0
1970-01-16 22:50:02.630,83.87865405333334,0.7166666666666667,0.0,0.0,0.5333333333333333,0.0,1.0
1970-01-16 22:50:02.930,68.27332306666668,0.5833333333333334,0.0,0.0,0.8,0.0,1.0666666666666669
1970-01-16 22:50:03.230,64.37199032000001,0.55,134217.6,0.0,0.5333333333333333,0.0,1.0
1970-01-16 22:50:03.530,83.87865405333334,0.7166666666666667,0.0,0.0,1.0,0.0,1.0666666666666669
1970-01-16 22:50:03.830,74.12532218666666,0.6333333333333333,0.0,0.0,0.5333333333333333,0.0,1.0
1970-01-16 22:50:04.130,83.87865405333334,0.7166666666666667,0.0,0.0,0.6,0.0,1.0
1970-01-16 22:50:04.430,87.7799868,0.75,0.0,0.0,0.5333333333333333,0.0,1.0
1970-01-16 22:50:04.730,74.12532218666666,0.6333333333333333,0.0,0.0,0.8,0.0,1.0
1970-01-16 22:50:05.030,68.27332306666668,0.5833333333333334,0.0,0.0,0.6,0.0,1.0
1970-01-16 22:50:05.330,60.47065757333333,0.5166666666666666,0.0,0.0,0.6,0.0,1.0
1970-01-16 22:50:05.630,60.47065757333333,0.5166666666666666,0.0,0.0,0.5333333333333333,0.0,1.0
1970-01-16 22:50:05.930,74.12532218666666,0.6333333333333333,0.0,0.0,0.6,0.0,1.0
1970-01-16 22:50:06.230,2036.49569376,17.4,268435.2,2.533333333333333,1.7333333333333334,741.7333333333332,18.2
1970-01-16 22:50:06.530,10919.830357920002,93.3,4518660.533333333,0.26666666666666666,10829.933333333332,38.4,3.066666666666667
1970-01-16 22:50:06.831,10952.991686266667,93.58333333333334,4473922.133333334,0.26666666666666666,13122.8,0.0,1.5333333333333334
1970-01-16 22:50:07.131,10913.9783588,93.25,5502924.8,0.4,15134.4,0.0,1.5333333333333334
1970-01-16 22:50:07.431,10828.149038373334,92.51666666666668,6397709.6,0.2,15938.6,0.0,2.333333333333333
1970-01-16 22:50:07.731,5676.439146400001,48.5,16598257.066666665,0.0,11127.733333333335,0.7333333333333333,12.4
1970-01-16 22:50:08.031,83.87865405333334,0.7166666666666667,13153335.733333332,0.0,0.6666666666666666,0.0,1.0
1970-01-16 22:50:08.331,83.87865405333334,0.7166666666666667,2147481.6,0.0,0.4,0.0,1.0
1970-01-16 22:50:08.631,83.87865405333334,0.7166666666666667,0.0,0.0,1.3333333333333333,0.0,1.0
1970-01-16 22:50:08.931,530.5812535466667,4.533333333333333,178956.8,2.533333333333333,2.0,779.6,23.4
1970-01-16 22:50:09.231,3087.9048689866668,26.383333333333336,1834307.4666666663,2.533333333333333,2.533333333333333,769.5333333333333,19.666666666666668
1970-01-16 22:50:09.531,11015.413010213333,94.11666666666666,5637143.2,2.2,10972.6,10.6,1.5333333333333334
1970-01-16 22:50:09.831,10962.745018133333,93.66666666666666,6889840.8,1.6,12760.866666666667,0.0,1.4666666666666666
1970-01-16 22:50:10.131,10927.633023413333,93.36666666666666,7337233.066666666,0.4,15472.133333333333,0.0,1.6666666666666667
1970-01-16 22:50:10.431,10828.149038373334,92.51666666666668,8097801.333333332,0.26666666666666666,16695.933333333334,0.0,2.066666666666667
1970-01-16 22:50:10.731,6946.322955440001,59.35,12348029.866666667,0.0,12183.466666666667,0.6666666666666666,12.8
1970-01-16 22:50:11.031,87.7799868,0.75,12616464.0,0.0,0.4666666666666667,0.0,1.0
1970-01-16 22:50:11.331,85.82932042666667,0.7333333333333333,2147481.6,0.0,0.4666666666666667,0.0,1.0
1970-01-16 22:50:11.631,83.87865405333334,0.7166666666666667,134217.6,0.0,0.6666666666666666,0.0,1.0
1970-01-16 22:50:11.931,83.87865405333334,0.7166666666666667,0.0,0.0,0.4666666666666667,0.0,1.0
1970-01-16 22:50:12.231,79.97732130666667,0.6833333333333332,0.0,0.0,0.4666666666666667,0.0,1.0
1970-01-16 22:50:12.531,83.87865405333334,0.7166666666666667,0.0,0.0,0.4666666666666667,0.0,1.0
1970-01-16 22:50:12.831,83.87865405333334,0.7166666666666667,0.0,0.0,0.7333333333333333,0.0,1.0
1970-01-16 22:50:13.131,83.87865405333334,0.7166666666666667,0.0,0.0,0.6,0.0,1.0
1970-01-16 22:50:13.431,78.02665493333333,0.6666666666666667,0.0,0.0,0.4666666666666667,0.0,1.0
1970-01-16 22:50:13.731,74.12532218666666,0.6333333333333333,0.0,0.0,0.6666666666666666,0.0,1.0
1970-01-16 22:50:14.031,60.47065757333333,0.5166666666666666,0.0,0.0,0.7333333333333333,0.0,1.0
1970-01-16 22:50:14.331,70.22398944000001,0.6,0.0,0.0,0.6666666666666666,0.0,1.0
1970-01-16 22:50:14.631,78.02665493333333,0.6666666666666667,0.0,0.0,0.6666666666666666,0.0,1.0
1970-01-16 22:50:14.931,612.5092412266667,5.233333333333333,134217.6,5.066666666666666,3.0,1030.4,25.2
1970-01-16 22:50:15.231,10133.71180946667,86.58333333333334,5055532.266666667,0.0,6718.0666666666675,515.9333333333333,6.4
1970-01-16 22:50:15.531,10997.857012853336,93.96666666666664,6621406.666666668,0.4666666666666667,12167.866666666667,0.06666666666666668,1.6
1970-01-16 22:50:15.831,10939.337021653333,93.46666666666664,6845102.4,0.4,13247.333333333336,0.0,1.5333333333333334
1970-01-16 22:50:16.131,10871.063698586668,92.88333333333334,6487188.8,0.2,15653.933333333332,0.0,2.0
1970-01-16 22:50:16.431,8202.552099866667,70.08333333333333,11632201.6,0.0,13784.8,0.6666666666666666,12.866666666666667
1970-01-16 22:50:16.731,87.7799868,0.75,13734945.066666665,0.0,0.7333333333333333,0.0,1.0
1970-01-16 22:50:17.031,87.7799868,0.75,2863309.333333333,0.0,0.9333333333333332,0.0,1.0
1970-01-16 22:50:17.331,87.7799868,0.75,89478.4,0.0,0.7333333333333333,0.0,1.0
1970-01-16 22:50:17.631,79.97732130666667,0.6833333333333332,0.0,0.0,0.7333333333333333,0.0,1.0
1970-01-16 22:50:17.932,76.07598856,0.65,0.0,0.06666666666666668,2.066666666666667,0.0,1.0
1970-01-16 22:50:18.232,93.63198592,0.8,0.0,0.0,4.466666666666667,0.0,1.0
1970-01-16 22:50:18.532,83.87865405333334,0.7166666666666667,0.0,0.0,2.333333333333333,0.0,1.0
1970-01-16 22:50:18.832,79.97732130666667,0.6833333333333332,0.0,0.0,0.7333333333333333,0.0,0.9333333333333332
1970-01-16 22:50:19.132,74.12532218666666,0.6333333333333333,0.0,0.0,0.7333333333333333,0.0,1.0
1970-01-16 22:50:19.432,83.87865405333334,0.7166666666666667,0.0,0.0,14.333333333333336,0.0,1.0
1970-01-16 22:50:19.732,85.82932042666667,0.7333333333333333,0.0,0.0,0.6666666666666666,0.0,0.9333333333333332
1970-01-16 22:50:20.032,81.92798768,0.7,0.0,0.0,0.6666666666666666,0.0,1.0
1970-01-16 22:50:20.332,85.82932042666667,0.7333333333333333,0.0,0.0,0.7333333333333333,0.0,1.0
1970-01-16 22:50:20.632,81.92798768,0.7,0.0,0.0,0.6666666666666666,0.0,1.0
1970-01-16 22:50:20.932,70.22398944000001,0.6,0.0,0.0,0.9333333333333332,0.0,1.0
1970-01-16 22:50:21.232,78.02665493333333,0.6666666666666667,0.0,0.0,0.6666666666666666,0.0,1.0
1970-01-16 22:50:21.532,78.02665493333333,0.6666666666666667,0.0,0.0,1.2,0.06666666666666668,1.0666666666666669
1970-01-16 22:50:21.832,78.02665493333333,0.6666666666666667,0.0,0.0,1.1333333333333333,0.0,1.0666666666666669
1970-01-16 22:50:22.132,85.82932042666667,0.7333333333333333,0.0,0.0,0.6666666666666666,0.0,1.0
1970-01-16 22:50:22.432,74.12532218666666,0.6333333333333333,0.0,0.0,0.6666666666666666,0.0,1.0
1970-01-16 22:50:22.732,74.12532218666666,0.6333333333333333,0.0,0.0,0.6666666666666666,0.0,1.0
1970-01-16 22:50:23.032,72.17465581333335,0.6166666666666667,0.0,0.0,0.6666666666666666,0.0,1.0
1970-01-16 22:50:23.332,76.07598856,0.65,0.0,0.0,0.6666666666666666,0.0,1.0
1970-01-16 22:50:23.632,74.12532218666666,0.6333333333333333,0.0,0.0,0.6666666666666666,0.0,1.0
1970-01-16 22:50:23.932,79.97732130666667,0.6833333333333332,0.0,0.0,0.6666666666666666,0.0,1.0
1970-01-16 22:50:24.232,79.97732130666667,0.6833333333333332,0.0,0.0,0.6666666666666666,0.0,1.0
1970-01-16 22:50:24.532,64.37199032000001,0.55,0.0,0.0,0.6666666666666666,0.0,1.0
1970-01-16 22:50:24.832,83.87865405333334,0.7166666666666667,0.0,0.0,0.6666666666666666,0.0,1.0
1970-01-16 22:50:25.132,62.42132394666667,0.5333333333333333,0.0,0.0,0.6666666666666666,0.0,1.0
1970-01-16 22:50:25.432,78.02665493333333,0.6666666666666667,0.0,0.0,0.6666666666666666,0.0,1.0
1970-01-16 22:50:25.732,79.97732130666667,0.6833333333333332,0.0,0.0,0.6666666666666666,0.0,1.0
1970-01-16 22:50:26.032,66.32265669333334,0.5666666666666667,0.0,0.0,0.6666666666666666,0.0,1.0
1970-01-16 22:50:26.332,72.17465581333335,0.6166666666666667,0.0,0.0,0.7333333333333333,0.0,1.0
1970-01-16 22:50:26.632,72.17465581333335,0.6166666666666667,0.0,0.0,0.6666666666666666,0.0,1.0
1970-01-16 22:50:26.932,70.22398944000001,0.6,0.0,0.0,0.6,0.0,1.0
1970-01-16 22:50:27.232,1568.3357641600005,13.4,805305.6,2.6,2.066666666666667,124.26666666666668,9.933333333333334
1970-01-16 22:50:27.533,83.87865405333334,0.7166666666666667,894784.0,0.0,0.4666666666666667,0.0,1.0
1970-01-16 22:50:27.833,79.97732130666667,0.6833333333333332,0.0,0.0,1.0666666666666669,0.0,1.0666666666666669
1970-01-16 22:50:28.133,70.22398944000001,0.6,0.0,0.0,0.6666666666666666,0.0,1.0
1970-01-16 22:50:28.433,85.82932042666667,0.7333333333333333,0.0,0.0,0.6666666666666666,0.0,1.0
1970-01-16 22:50:28.733,79.97732130666667,0.6833333333333332,0.0,0.0,0.9333333333333332,0.06666666666666668,1.0666666666666669
1970-01-16 22:50:29.033,85.82932042666667,0.7333333333333333,0.0,0.0,0.6666666666666666,0.0,1.0
1970-01-16 22:50:29.333,79.97732130666667,0.6833333333333332,0.0,0.0,0.6666666666666666,0.0,1.0
1970-01-16 22:50:29.633,79.97732130666667,0.6833333333333332,0.0,0.0,0.6666666666666666,0.0,1.0
1970-01-16 22:50:29.933,70.22398944000001,0.6,0.0,0.0,0.6666666666666666,0.0,1.0
1970-01-16 22:50:30.233,74.12532218666666,0.6333333333333333,0.0,0.0,0.6666666666666666,0.0,1.0
1970-01-16 22:50:30.533,66.32265669333334,0.5666666666666667,0.0,0.0,0.6666666666666666,0.0,1.0
1970-01-16 22:50:30.833,68.27332306666668,0.5833333333333334,0.0,0.0,0.6666666666666666,0.0,1.0
1970-01-16 22:50:31.133,78.02665493333333,0.6666666666666667,0.0,0.0,0.6,0.0,1.0
1970-01-16 22:50:31.433,81.92798768,0.7,0.0,0.0,0.6666666666666666,0.0,1.0
1970-01-16 22:50:31.733,72.17465581333335,0.6166666666666667,0.0,0.0,0.6666666666666666,0.0,1.0
1970-01-16 22:50:32.033,78.02665493333333,0.6666666666666667,0.0,0.0,0.6666666666666666,0.0,1.0
1970-01-16 22:50:32.333,74.12532218666666,0.6333333333333333,0.0,0.0,0.6666666666666666,0.0,1.0
1970-01-16 22:50:32.633,85.82932042666667,0.7333333333333333,0.0,0.0,0.6666666666666666,0.0,1.0
1970-01-16 22:50:32.933,81.92798768,0.7,0.0,0.0,0.6666666666666666,0.0,1.0
1970-01-16 22:50:33.233,78.02665493333333,0.6666666666666667,0.0,0.0,0.7333333333333333,0.0,1.0
1970-01-16 22:50:33.533,70.22398944000001,0.6,0.0,0.0,0.6666666666666666,0.0,1.0
1970-01-16 22:50:33.833,79.97732130666667,0.6833333333333332,0.0,0.0,1.1333333333333333,0.0,1.0666666666666669
1970-01-16 22:50:34.133,85.82932042666667,0.7333333333333333,0.0,0.0,0.6666666666666666,0.0,1.0
1970-01-16 22:50:34.433,76.07598856,0.65,0.0,0.0,0.6666666666666666,0.0,0.9333333333333332
1970-01-16 22:50:34.733,76.07598856,0.65,0.0,0.0,0.6666666666666666,0.0,1.0
1970-01-16 22:50:35.033,74.12532218666666,0.6333333333333333,0.0,0.0,0.6666666666666666,0.0,1.0
1970-01-16 22:50:35.333,74.12532218666666,0.6333333333333333,0.0,0.0,1.4666666666666666,0.0,1.0666666666666669
1970-01-16 22:50:35.633,79.97732130666667,0.6833333333333332,0.0,0.0,0.6666666666666666,0.0,1.0
1970-01-16 22:50:35.933,85.82932042666667,0.7333333333333333,0.0,0.0,0.6666666666666666,0.0,1.0
1970-01-16 22:50:36.233,85.82932042666667,0.7333333333333333,0.0,0.0,0.6666666666666666,0.0,1.0
1970-01-16 22:50:36.533,78.02665493333333,0.6666666666666667,0.0,0.0,0.6666666666666666,0.0,1.0
1970-01-16 22:50:36.834,136.54664613333335,1.1666666666666667,0.0,131.33333333333334,14.133333333333333,0.0,1.0
1970-01-16 22:50:37.134,74.12532218666666,0.6333333333333333,0.0,0.0,1.0666666666666669,0.0,1.0
1970-01-16 22:50:37.434,81.92798768,0.7,89478.4,32.666666666666664,3.333333333333333,0.0,1.0
1970-01-16 22:50:37.734,87.7799868,0.75,0.0,0.0,0.6666666666666666,0.0,1.0
1970-01-16 22:50:38.034,85.82932042666667,0.7333333333333333,0.0,0.0,0.7333333333333333,0.0,1.0
1970-01-16 22:50:38.334,83.87865405333334,0.7166666666666667,0.0,0.0,0.6666666666666666,0.0,1.0
1970-01-16 22:50:38.634,79.97732130666667,0.6833333333333332,0.0,0.0,0.6666666666666666,0.0,1.0
1970-01-16 22:50:38.934,78.02665493333333,0.6666666666666667,0.0,0.0,0.6666666666666666,0.0,1.0
1970-01-16 22:50:39.234,142.39864525333337,1.2166666666666668,268435.2,131.33333333333334,21.53333333333333,0.0,1.4666666666666666
1970-01-16 22:50:39.534,83.87865405333334,0.7166666666666667,1207958.4,0.0,2.533333333333333,0.0,1.0
1970-01-16 22:50:39.834,85.82932042666667,0.7333333333333333,0.0,32.666666666666664,5.133333333333334,0.0,1.0666666666666669
1970-01-16 22:50:40.134,76.07598856,0.65,0.0,0.0,1.4,0.0,1.0
1970-01-16 22:50:40.434,85.82932042666667,0.7333333333333333,0.0,0.0,0.7333333333333333,0.0,1.0
1970-01-16 22:50:40.734,78.02665493333333,0.6666666666666667,0.0,0.0,0.6666666666666666,0.0,1.0
1970-01-16 22:50:41.034,83.87865405333334,0.7166666666666667,0.0,0.0,1.0,0.0,1.0666666666666669
1970-01-16 22:50:41.334,87.7799868,0.75,0.0,0.0,0.7333333333333333,0.0,1.0
1970-01-16 22:50:41.634,83.87865405333334,0.7166666666666667,0.0,0.0,0.6,0.0,0.9333333333333332
1970-01-16 22:50:41.934,79.97732130666667,0.6833333333333332,0.0,0.0,0.6666666666666666,0.0,1.0
1970-01-16 22:50:42.234,68.27332306666668,0.5833333333333334,0.0,0.0,0.6666666666666666,0.0,1.0
1970-01-16 22:50:42.534,77.32998837142857,0.6607142857142857,0.0,0.0,0.7857142857142857,0.0,1.0
1970-01-16 22:50:42.834,72.17465581333335,0.6166666666666667,0.0,0.0,0.7333333333333333,0.0,1.0
1970-01-16 22:50:43.134,78.02665493333333,0.6666666666666667,0.0,0.0,0.6666666666666666,0.0,1.0
1970-01-16 22:50:43.434,79.97732130666667,0.6833333333333332,0.0,0.0,0.6666666666666666,0.0,1.0
1970-01-16 22:50:43.734,74.12532218666666,0.6333333333333333,134217.6,0.0,0.7333333333333333,0.0,1.0
1970-01-16 22:50:44.034,78.02665493333333,0.6666666666666667,0.0,0.0,0.6666666666666666,0.0,1.0
1970-01-16 22:50:44.334,64.37199032000001,0.55,0.0,0.0,0.6666666666666666,0.0,1.0
1970-01-16 22:50:44.634,70.22398944000001,0.6,0.0,0.0,0.6666666666666666,0.0,1.0
1970-01-16 22:50:44.934,76.07598856,0.65,0.0,0.0,0.7333333333333333,0.0,1.0
1970-01-16 22:50:45.234,76.07598856,0.65,0.0,0.0,0.6666666666666666,0.0,1.0
1970-01-16 22:50:45.534,70.22398944000001,0.6,0.0,0.0,0.6666666666666666,0.0,1.0
1970-01-16 22:50:45.834,76.07598856,0.65,0.0,0.06666666666666668,1.9333333333333331,0.0,1.0
1970-01-16 22:50:46.134,73.149989,0.625,0.0,0.0,1.5,0.0,1.0
1970-01-16 22:50:46.434,64.37199032000001,0.55,0.0,0.0,0.6666666666666666,0.0,1.0
1970-01-16 22:50:46.734,76.07598856,0.65,0.0,0.0,1.6,0.0,1.0666666666666669
1970-01-16 22:50:47.034,79.97732130666667,0.6833333333333332,0.0,0.0,1.0,0.0,1.0
1970-01-16 22:50:47.334,72.17465581333335,0.6166666666666667,0.0,0.0,0.6666666666666666,0.0,1.0
1970-01-16 22:50:47.634,74.12532218666666,0.6333333333333333,134217.6,0.0,1.0,0.0,1.0
1970-01-16 22:50:47.935,68.27332306666668,0.5833333333333334,0.0,0.0,0.7333333333333333,0.0,1.0
1970-01-16 22:50:48.235,76.07598856,0.65,0.0,0.0,0.6666666666666666,0.0,1.0
1970-01-16 22:50:48.535,73.149989,0.625,0.0,0.0,0.7142857142857143,0.0,1.0
1970-01-16 22:50:48.835,85.82932042666667,0.7333333333333333,0.0,0.0,0.6666666666666666,0.0,1.0
1970-01-16 22:50:49.135,68.27332306666668,0.5833333333333334,0.0,0.0,0.7333333333333333,0.06666666666666668,1.0
1970-01-16 22:50:49.435,78.02665493333333,0.6666666666666667,0.0,0.0,0.6666666666666666,0.0,1.0
1970-01-16 22:50:49.735,83.87865405333334,0.7166666666666667,0.0,0.0,0.9333333333333332,0.0,1.0
1970-01-16 22:50:50.035,81.92798768,0.7,0.0,0.0,0.7333333333333333,0.0,1.0
1970-01-16 22:50:50.335,79.41998805714286,0.6785714285714286,0.0,0.0,0.7857142857142857,0.0,1.0
1970-01-16 22:50:50.635,75.2399886857143,0.6428571428571429,0.0,0.0,0.7142857142857143,0.0,0.9285714285714286
1970-01-16 22:50:50.935,74.12532218666666,0.6333333333333333,134217.6,0.0,0.6666666666666666,0.0,1.0
1970-01-16 22:50:51.235,68.27332306666668,0.5833333333333334,0.0,0.0,0.6666666666666666,0.0,1.0
1970-01-16 22:50:51.536,64.37199032000001,0.55,0.0,0.0,0.8666666666666667,0.0,1.0
1970-01-16 22:50:51.836,83.87865405333334,0.7166666666666667,0.0,0.0,0.6666666666666666,0.0,1.0
1970-01-16 22:50:52.136,73.149989,0.625,0.0,0.0,0.7142857142857143,0.0,1.0
1970-01-16 22:50:52.436,78.02665493333333,0.6666666666666667,0.0,8.466666666666667,3.533333333333333,0.0,1.0666666666666669
1970-01-16 22:50:52.736,62.699990571428565,0.5357142857142857,0.0,0.0,1.0714285714285714,0.0,1.0
1970-01-16 22:50:53.036,72.17465581333335,0.6166666666666667,0.0,0.0,0.7333333333333333,0.0,1.0
1970-01-16 22:50:53.336,79.79998800000001,0.6818181818181819,0.0,0.0,0.6363636363636364,0.0,1.0
1970-01-16 22:50:53.636,62.42132394666667,0.5333333333333333,0.0,0.0,0.6666666666666666,0.0,1.0
1970-01-16 22:50:53.936,81.50998774285716,0.6964285714285714,0.0,0.0,1.3571428571428572,0.0,1.0714285714285714
1970-01-16 22:50:54.236,79.97732130666667,0.6833333333333332,0.0,0.0,0.7333333333333333,0.0,1.0
1970-01-16 22:50:54.536,68.96998962857144,0.5892857142857143,0.0,0.0,0.7857142857142857,0.0,1.0
1970-01-16 22:50:54.836,72.17465581333335,0.6166666666666667,0.0,0.0,1.0666666666666669,0.0,1.0
1970-01-16 22:50:55.136,72.17465581333335,0.6166666666666667,0.0,0.0,0.6666666666666666,0.0,1.0
1970-01-16 22:50:55.436,79.97732130666667,0.6833333333333332,0.0,0.0,0.7333333333333333,0.0,1.0
1970-01-16 22:50:55.736,78.02665493333333,0.6666666666666667,0.0,0.0,0.8,0.0,1.0
1970-01-16 22:50:56.036,81.92798768,0.7,0.0,0.0,0.6666666666666666,0.0,1.0
1970-01-16 22:50:56.336,70.22398944000001,0.6,0.0,0.0,0.6666666666666666,0.0,1.0
1970-01-16 22:50:56.636,68.27332306666668,0.5833333333333334,0.0,0.0,0.6666666666666666,0.0,1.0
1970-01-16 22:50:56.936,79.97732130666667,0.6833333333333332,0.0,0.0,0.7333333333333333,0.0,1.0
1970-01-16 22:50:57.236,68.27332306666668,0.5833333333333334,0.0,0.0,0.6666666666666666,0.0,1.0
1970-01-16 22:50:57.536,79.97732130666667,0.6833333333333332,0.0,0.0,0.6666666666666666,0.0,1.0
1970-01-16 22:50:57.836,74.12532218666666,0.6333333333333333,0.0,0.0,1.0666666666666669,0.06666666666666668,1.0666666666666669
1970-01-16 22:50:58.136,85.82932042666667,0.7333333333333333,0.0,0.0,0.6666666666666666,0.0,1.0
1970-01-16 22:50:58.436,70.22398944000001,0.6,0.0,0.0,0.6666666666666666,0.0,1.0
1970-01-16 22:50:58.736,70.22398944000001,0.6,0.0,0.0,0.6666666666666666,0.0,1.0
1970-01-16 22:50:59.036,87.7799868,0.75,0.0,0.0,0.6666666666666666,0.0,1.0
1970-01-16 22:50:59.336,68.27332306666668,0.5833333333333334,402652.8,0.0,0.6666666666666666,0.06666666666666668,1.0
1970-01-16 22:50:59.636,81.92798768,0.7,223696.0,0.0,0.6666666666666666,0.0,1.0
1970-01-16 22:50:59.936,72.17465581333335,0.6166666666666667,0.0,0.0,0.6666666666666666,0.0,1.0
1970-01-16 22:51:00.236,68.27332306666668,0.5833333333333334,0.0,0.0,1.2666666666666666,0.06666666666666668,1.0666666666666669
1970-01-16 22:51:00.537,76.07598856,0.65,0.0,0.0,0.6666666666666666,0.0,1.0
1970-01-16 22:51:00.837,81.92798768,0.7,0.0,0.0,0.6666666666666666,0.0,1.0
1970-01-16 22:51:01.137,79.97732130666667,0.6833333333333332,0.0,0.0,0.8,0.0,1.0
1970-01-16 22:51:01.437,79.97732130666667,0.6833333333333332,0.0,0.0,0.6666666666666666,0.0,0.9333333333333332
1970-01-16 22:51:01.737,85.82932042666667,0.7333333333333333,0.0,0.0,1.3333333333333333,0.0,1.0
1970-01-16 22:51:02.037,78.02665493333333,0.6666666666666667,0.0,0.0,0.6,0.0,1.0
1970-01-16 22:51:02.337,78.02665493333333,0.6666666666666667,0.0,0.0,0.6666666666666666,0.0,1.0
1970-01-16 22:51:02.637,76.07598856,0.65,0.0,0.0,0.6,0.0,1.0
1970-01-16 22:51:02.937,74.12532218666666,0.6333333333333333,0.0,0.0,0.6666666666666666,0.0,1.0
1970-01-16 22:51:03.237,70.22398944000001,0.6,0.0,0.0,0.5333333333333333,0.0,1.0
1970-01-16 22:51:03.537,66.32265669333334,0.5666666666666667,0.0,0.0,0.5333333333333333,0.0,1.0
1970-01-16 22:51:03.837,72.17465581333335,0.6166666666666667,0.0,0.0,0.6666666666666666,0.0,1.0
1970-01-16 22:51:04.137,72.17465581333335,0.6166666666666667,0.0,0.0,0.9333333333333332,0.0,1.0
1970-01-16 22:51:04.437,74.12532218666666,0.6333333333333333,0.0,0.0,1.1333333333333333,0.0,1.0666666666666669
1970-01-16 22:51:04.737,76.07598856,0.65,0.0,0.0,0.6666666666666666,0.0,1.0
1970-01-16 22:51:05.037,79.97732130666667,0.6833333333333332,0.0,0.0,0.6666666666666666,0.0,1.0
1970-01-16 22:51:05.337,78.02665493333333,0.6666666666666667,0.0,0.0,0.8,0.0,1.0
1970-01-16 22:51:05.637,76.07598856,0.65,0.0,0.0,0.6666666666666666,0.0,1.0
1970-01-16 22:51:05.937,79.97732130666667,0.6833333333333332,0.0,0.0,0.6666666666666666,0.0,1.0
1970-01-16 22:51:06.237,79.97732130666667,0.6833333333333332,0.0,0.0,0.6666666666666666,0.0,1.0
1970-01-16 22:51:06.537,81.92798768,0.7,0.0,0.0,14.866666666666667,0.0,1.0666666666666669
1970-01-16 22:51:06.837,81.92798768,0.7,0.0,0.0,0.6666666666666666,0.0,1.0
1970-01-16 22:51:07.137,79.97732130666667,0.6833333333333332,178956.8,0.0,0.6666666666666666,0.0,1.0
1970-01-16 22:51:07.437,74.12532218666666,0.6333333333333333,134217.6,0.0,1.0,0.0,1.0
1970-01-16 22:51:07.737,83.87865405333334,0.7166666666666667,0.0,0.0,0.6666666666666666,0.0,1.0
1970-01-16 22:51:08.038,83.87865405333334,0.7166666666666667,0.0,0.0,0.6666666666666666,0.0,1.0
1970-01-16 22:51:08.338,83.87865405333334,0.7166666666666667,223696.0,0.0,0.6666666666666666,0.0,1.0
1970-01-16 22:51:08.638,74.12532218666666,0.6333333333333333,134217.6,0.0,0.6666666666666666,0.0,1.0
1970-01-16 22:51:08.938,81.92798768,0.7,0.0,0.0,0.6666666666666666,0.0,1.0
1970-01-16 22:51:09.238,79.97732130666667,0.6833333333333332,0.0,0.0,0.6666666666666666,0.0,1.0
1970-01-16 22:51:09.538,74.12532218666666,0.6333333333333333,0.0,0.0,0.6666666666666666,0.0,1.0
1970-01-16 22:51:09.838,83.87865405333334,0.7166666666666667,0.0,0.0,0.6666666666666666,0.0,1.0
1970-01-16 22:51:10.138,78.02665493333333,0.6666666666666667,0.0,0.0,0.6666666666666666,0.0,1.0
1970-01-16 22:51:10.438,68.27332306666668,0.5833333333333334,0.0,0.0,0.9333333333333332,0.0,1.0
1970-01-16 22:51:10.738,76.07598856,0.65,0.0,0.0,0.6666666666666666,0.0,1.0
1970-01-16 22:51:11.038,76.07598856,0.65,0.0,0.0,0.6666666666666666,0.0,1.0
1970-01-16 22:51:11.338,64.37199032000001,0.55,0.0,0.0,0.6666666666666666,0.0,1.0
1970-01-16 22:51:11.638,81.92798768,0.7,0.0,0.0,0.6666666666666666,0.0,1.0
1970-01-16 22:51:11.938,83.87865405333334,0.7166666666666667,178956.8,0.0,0.6666666666666666,0.0,1.0
1970-01-16 22:51:12.238,72.17465581333335,0.6166666666666667,134217.6,0.0,1.2,0.0,1.0666666666666669
1970-01-16 22:51:12.538,74.12532218666666,0.6333333333333333,0.0,0.0,0.6666666666666666,0.0,1.0
1970-01-16 22:51:12.838,68.27332306666668,0.5833333333333334,0.0,0.0,0.6666666666666666,0.0,1.0
1970-01-16 22:51:13.138,76.07598856,0.65,134217.6,0.0,0.6666666666666666,0.0,1.0
1970-01-16 22:51:13.438,78.02665493333333,0.6666666666666667,0.0,0.0,0.6666666666666666,0.0,1.0
1970-01-16 22:51:13.738,79.97732130666667,0.6833333333333332,0.0,0.0,0.6666666666666666,0.0,1.0
1970-01-16 22:51:14.038,76.07598856,0.65,0.0,0.0,0.6666666666666666,0.0,1.0
1970-01-16 22:51:14.338,78.02665493333333,0.6666666666666667,0.0,0.0,0.6666666666666666,0.0,1.0
1970-01-16 22:51:14.638,85.82932042666667,0.7333333333333333,0.0,0.0,1.0,0.0,1.0
1970-01-16 22:51:14.938,81.92798768,0.7,0.0,0.0,0.6666666666666666,0.0,1.0
1970-01-16 22:51:15.238,83.87865405333334,0.7166666666666667,0.0,0.0,0.6666666666666666,0.0,1.0
1970-01-16 22:51:15.538,79.97732130666667,0.6833333333333332,0.0,0.0,0.6666666666666666,0.0,1.0
1970-01-16 22:51:15.838,68.27332306666668,0.5833333333333334,0.0,0.0,0.9333333333333332,0.0,1.0
1970-01-16 22:51:16.138,78.02665493333333,0.6666666666666667,0.0,0.0,0.9333333333333332,0.0,1.0666666666666669
1970-01-16 22:51:16.438,76.07598856,0.65,0.0,0.0,0.6666666666666666,0.0,1.0
1970-01-16 22:51:16.738,81.92798768,0.7,0.0,0.0,0.6666666666666666,0.0,1.0
1970-01-16 22:51:17.038,72.17465581333335,0.6166666666666667,0.0,0.0,0.6666666666666666,0.0,1.0
1970-01-16 22:51:17.338,81.92798768,0.7,0.0,0.0,0.6666666666666666,0.0,1.0
1970-01-16 22:51:17.638,77.32998837142857,0.6607142857142857,0.0,0.0,1.5,0.0,1.0714285714285714
1970-01-16 22:51:17.938,70.22398944000001,0.6,0.0,0.0,0.6666666666666666,0.0,0.9333333333333332
1970-01-16 22:51:18.238,78.02665493333333,0.6666666666666667,0.0,0.0,0.6666666666666666,0.0,1.0
1970-01-16 22:51:18.538,79.97732130666667,0.6833333333333332,0.0,0.0,0.9333333333333332,0.0,1.0
1970-01-16 22:51:18.838,87.7799868,0.75,0.0,0.0,0.6666666666666666,0.0,1.0
1970-01-16 22:51:19.138,83.87865405333334,0.7166666666666667,0.0,0.0,0.6666666666666666,0.0,1.0
1970-01-16 22:51:19.438,83.87865405333334,0.7166666666666667,0.0,0.0,0.8666666666666667,0.0,1.0
1970-01-16 22:51:19.738,68.27332306666668,0.5833333333333334,134217.6,0.0,0.6666666666666666,0.0,1.0
1970-01-16 22:51:20.038,72.17465581333335,0.6166666666666667,536870.4,0.0,0.6666666666666666,0.0,1.0
1970-01-16 22:51:20.338,74.12532218666666,0.6333333333333333,0.0,0.0,0.5333333333333333,0.0,1.0
1970-01-16 22:51:20.638,74.12532218666666,0.6333333333333333,0.0,0.0,0.6666666666666666,0.0,1.0
1970-01-16 22:51:20.938,78.02665493333333,0.6666666666666667,0.0,0.0,0.6666666666666666,0.0,1.0
1970-01-16 22:51:21.238,78.02665493333333,0.6666666666666667,0.0,0.0,0.6,0.0,1.0
1970-01-16 22:51:21.538,70.22398944000001,0.6,0.0,0.0,0.6666666666666666,0.0,1.0
1970-01-16 22:51:21.838,83.87865405333334,0.7166666666666667,0.0,0.0,0.8,0.0,1.0
1970-01-16 22:51:22.138,83.87865405333334,0.7166666666666667,0.0,0.0,0.7333333333333333,0.0,1.0
1970-01-16 22:51:22.438,87.7799868,0.75,0.0,0.0,0.6,0.0,1.0
1970-01-16 22:51:22.739,81.92798768,0.7,0.0,0.0,1.0666666666666669,0.0,1.0666666666666669
1970-01-16 22:51:23.039,85.82932042666667,0.7333333333333333,0.0,0.0,1.0666666666666669,0.0,1.0666666666666669
1970-01-16 22:51:23.339,68.27332306666668,0.5833333333333334,0.0,0.0,0.7333333333333333,0.0,0.9333333333333332
1970-01-16 22:51:23.639,74.12532218666666,0.6333333333333333,0.0,0.0,0.6666666666666666,0.0,1.0
1970-01-16 22:51:23.939,87.7799868,0.75,0.0,0.0,0.5333333333333333,0.0,1.0
1970-01-16 22:51:24.239,79.97732130666667,0.6833333333333332,0.0,0.0,0.6,0.0,1.0
1970-01-16 22:51:24.539,78.02665493333333,0.6666666666666667,0.0,0.0,0.7333333333333333,0.0,1.0
1970-01-16 22:51:24.839,78.02665493333333,0.6666666666666667,0.0,0.0,0.5333333333333333,0.0,1.0
1970-01-16 22:51:25.139,76.07598856,0.65,0.0,0.0,0.6,0.0,0.9333333333333332
1970-01-16 22:51:25.439,70.22398944000001,0.6,0.0,0.0,0.6,0.0,1.0
1970-01-16 22:51:25.739,83.87865405333334,0.7166666666666667,0.0,0.0,0.7333333333333333,0.0,1.0
1970-01-16 22:51:26.039,79.97732130666667,0.6833333333333332,0.0,0.0,0.6,0.0,1.0
1970-01-16 22:51:26.339,76.07598856,0.65,0.0,0.0,0.6,0.0,1.0
1970-01-16 22:51:26.639,79.97732130666667,0.6833333333333332,0.0,0.0,0.6666666666666666,0.0,1.0
1970-01-16 22:51:26.939,79.97732130666667,0.6833333333333332,0.0,0.0,0.7333333333333333,0.0,1.0
1970-01-16 22:51:27.239,79.97732130666667,0.6833333333333332,0.0,0.0,0.6,0.0,1.0
1970-01-16 22:51:27.539,79.97732130666667,0.6833333333333332,0.0,0.0,0.6666666666666666,0.0,1.0
1970-01-16 22:51:27.839,81.92798768,0.7,0.0,0.0,0.6666666666666666,0.0,1.0
1970-01-16 22:51:28.139,70.22398944000001,0.6,0.0,0.0,0.6,0.0,1.0
1970-01-16 22:51:28.439,66.32265669333334,0.5666666666666667,0.0,0.0,1.2,0.0,1.0666666666666669
1970-01-16 22:51:28.739,70.22398944000001,0.6,0.0,0.0,0.6666666666666666,0.0,0.9333333333333332
1970-01-16 22:51:29.039,64.37199032000001,0.55,0.0,0.0,0.7333333333333333,0.0,1.0
1970-01-16 22:51:29.340,74.12532218666666,0.6333333333333333,0.0,0.0,1.1333333333333333,0.0,1.0666666666666669
1970-01-16 22:51:29.640,81.92798768,0.7,0.0,0.0,0.6666666666666666,0.0,1.0
1970-01-16 22:51:29.940,64.37199032000001,0.55,0.0,0.0,0.6,0.0,1.0
1970-01-16 22:51:30.240,156.05330986666667,1.3333333333333337,1073740.8,131.33333333333334,21.73333333333333,0.0,1.4
1970-01-16 22:51:30.540,79.97732130666667,0.6833333333333332,671088.0,0.0,3.6,0.0,1.0
1970-01-16 22:51:30.840,78.02665493333333,0.6666666666666667,0.0,32.666666666666664,3.8666666666666663,0.0,1.0
1970-01-16 22:51:31.140,78.02665493333333,0.6666666666666667,0.0,0.0,0.6,0.0,1.0
1970-01-16 22:51:31.440,85.82932042666667,0.7333333333333333,0.0,0.0,0.6,0.0,1.0
1970-01-16 22:51:31.740,78.02665493333333,0.6666666666666667,0.0,0.0,0.7333333333333333,0.0,1.0
1970-01-16 22:51:32.040,64.37199032000001,0.55,0.0,0.0,0.6,0.0,1.0
1970-01-16 22:51:32.340,81.92798768,0.7,0.0,0.0,0.6,0.0,0.9333333333333332
1970-01-16 22:51:32.640,66.32265669333334,0.5666666666666667,0.0,0.0,0.6666666666666666,0.0,1.0
1970-01-16 22:51:32.940,81.92798768,0.7,0.0,0.0,0.8666666666666667,0.0,1.0
1970-01-16 22:51:33.240,74.12532218666666,0.6333333333333333,0.0,0.0,0.5333333333333333,0.0,1.0
1970-01-16 22:51:33.540,78.02665493333333,0.6666666666666667,0.0,0.0,0.6,0.0,1.0
1970-01-16 22:51:33.840,76.07598856,0.65,0.0,0.0,1.2,0.06666666666666668,1.0666666666666669
1970-01-16 22:51:34.140,81.92798768,0.7,0.0,0.0,0.8666666666666667,0.0,1.0
1970-01-16 22:51:34.440,81.92798768,0.7,0.0,0.0,0.5333333333333333,0.0,1.0
1970-01-16 22:51:34.740,79.97732130666667,0.6833333333333332,0.0,0.0,0.6,0.0,1.0
1970-01-16 22:51:35.040,78.02665493333333,0.6666666666666667,0.0,0.0,1.0,0.06666666666666668,1.0666666666666669
1970-01-16 22:51:35.340,79.97732130666667,0.6833333333333332,0.0,0.0,0.6666666666666666,0.0,1.0
1970-01-16 22:51:35.640,76.07598856,0.65,0.0,0.0,0.6666666666666666,0.0,1.0
1970-01-16 22:51:35.940,85.82932042666667,0.7333333333333333,0.0,0.0,0.6,0.0,1.0
1970-01-16 22:51:36.240,72.17465581333335,0.6166666666666667,0.0,0.0,0.6666666666666666,0.0,1.0
1970-01-16 22:51:36.540,78.02665493333333,0.6666666666666667,0.0,0.0,0.7333333333333333,0.0,1.0
1970-01-16 22:51:36.840,79.97732130666667,0.6833333333333332,0.0,0.0,0.6,0.0,1.0
1970-01-16 22:51:37.140,60.47065757333333,0.5166666666666666,0.0,0.0,0.6,0.0,1.0
1970-01-16 22:51:37.441,74.12532218666666,0.6333333333333333,0.0,0.0,0.5333333333333333,0.0,1.0
1970-01-16 22:51:37.741,72.17465581333335,0.6166666666666667,0.0,0.0,0.7333333333333333,0.0,0.9333333333333332
1970-01-16 22:51:38.041,70.22398944000001,0.6,0.0,0.0,0.6,0.0,1.0
1970-01-16 22:51:38.341,74.12532218666666,0.6333333333333333,0.0,0.0,0.5333333333333333,0.0,1.0
1970-01-16 22:51:38.641,78.02665493333333,0.6666666666666667,0.0,0.0,0.6666666666666666,0.0,1.0
1970-01-16 22:51:38.941,79.97732130666667,0.6833333333333332,0.0,0.0,0.7333333333333333,0.0,1.0
1970-01-16 22:51:39.241,79.97732130666667,0.6833333333333332,0.0,0.0,0.8,0.0,1.0
1970-01-16 22:51:39.541,74.12532218666666,0.6333333333333333,0.0,0.0,0.6,0.0,1.0
1970-01-16 22:51:39.841,81.92798768,0.7,0.0,0.0,0.6,0.0,1.0
1970-01-16 22:51:40.141,74.12532218666666,0.6333333333333333,0.0,0.0,0.7333333333333333,0.0,1.0
1970-01-16 22:51:40.441,81.92798768,0.7,0.0,0.0,1.0666666666666669,0.0,1.0666666666666669
1970-01-16 22:51:40.741,83.87865405333334,0.7166666666666667,0.0,0.0,1.0,0.0,1.0666666666666669
1970-01-16 22:51:41.041,64.37199032000001,0.55,0.0,0.0,0.6,0.0,1.0
1970-01-16 22:51:41.341,74.12532218666666,0.6333333333333333,0.0,0.0,0.8,0.0,1.0
1970-01-16 22:51:41.641,72.17465581333335,0.6166666666666667,0.0,0.0,0.6,0.0,1.0
1970-01-16 22:51:41.941,79.97732130666667,0.6833333333333332,0.0,0.0,0.6,0.0,1.0
1970-01-16 22:51:42.241,87.7799868,0.75,0.0,0.0,0.6,0.0,1.0
1970-01-16 22:51:42.541,68.27332306666668,0.5833333333333334,0.0,0.0,0.7333333333333333,0.0,1.0
1970-01-16 22:51:42.841,62.42132394666667,0.5333333333333333,0.0,0.0,0.6,0.0,1.0
1970-01-16 22:51:43.141,78.02665493333333,0.6666666666666667,0.0,0.0,0.6,0.0,1.0
1970-01-16 22:51:43.441,78.02665493333333,0.6666666666666667,0.0,0.0,0.9333333333333332,0.0,1.0
1970-01-16 22:51:43.741,81.92798768,0.7,0.0,0.0,0.7333333333333333,0.0,1.0
1970-01-16 22:51:44.041,87.7799868,0.75,0.0,0.0,0.6666666666666666,0.0,1.0
1970-01-16 22:51:44.341,81.92798768,0.7,0.0,0.0,0.6,0.0,1.0
1970-01-16 22:51:44.642,83.87865405333334,0.7166666666666667,0.0,0.0,0.8666666666666667,0.0,1.0
1970-01-16 22:51:44.942,68.27332306666668,0.5833333333333334,0.0,0.0,0.7333333333333333,0.0,1.0
1970-01-16 22:51:45.242,76.07598856,0.65,0.0,0.0,0.6666666666666666,0.0,1.0
1970-01-16 22:51:45.542,76.07598856,0.65,0.0,0.0,0.6666666666666666,0.0,1.0
1970-01-16 22:51:45.842,74.12532218666666,0.6333333333333333,0.0,0.0,0.6,0.0,1.0
1970-01-16 22:51:46.142,68.27332306666668,0.5833333333333334,0.0,0.0,1.0666666666666669,0.0,1.0666666666666669
1970-01-16 22:51:46.442,60.47065757333333,0.5166666666666666,0.0,0.0,1.2666666666666666,0.0,1.0666666666666669
1970-01-16 22:51:46.742,76.07598856,0.65,0.0,0.0,0.5333333333333333,0.0,1.0
1970-01-16 22:51:47.042,70.22398944000001,0.6,0.0,0.0,0.4666666666666667,0.0,1.0
1970-01-16 22:51:47.342,70.22398944000001,0.6,0.0,0.0,0.9333333333333332,0.0,1.0
1970-01-16 22:51:47.641,74.12532218666666,0.6333333333333333,0.0,0.0,0.4666666666666667,0.0,1.0
1970-01-16 22:51:47.941,79.97732130666667,0.6833333333333332,0.0,0.0,1.2,0.0,1.0
1970-01-16 22:51:48.241,60.47065757333333,0.5166666666666666,0.0,0.0,0.4,0.0,1.0
1970-01-16 22:51:48.541,70.22398944000001,0.6,0.0,0.0,0.6666666666666666,0.0,1.0
1970-01-16 22:51:48.841,85.82932042666667,0.7333333333333333,0.0,0.0,0.6,0.0,1.0
1970-01-16 22:51:49.141,74.12532218666666,0.6333333333333333,0.0,0.0,0.4,0.0,1.0
1970-01-16 22:51:49.441,70.22398944000001,0.6,223696.0,0.0,0.4666666666666667,0.0,1.0
1970-01-16 22:51:49.741,68.27332306666668,0.5833333333333334,223696.0,0.0,0.6,0.0,1.0
1970-01-16 22:51:50.041,64.37199032000001,0.55,313174.4,0.0,0.4,0.0,1.0
1970-01-16 22:51:50.341,68.27332306666668,0.5833333333333334,0.0,0.0,0.5333333333333333,0.0,1.0
1970-01-16 22:51:50.641,76.07598856,0.65,0.0,0.0,0.4666666666666667,0.0,1.0
1970-01-16 22:51:50.941,79.97732130666667,0.6833333333333332,0.0,0.0,0.6666666666666666,0.0,1.0
1970-01-16 22:51:51.241,79.97732130666667,0.6833333333333332,0.0,0.0,1.1333333333333333,0.0,1.0
1970-01-16 22:51:51.542,78.02665493333333,0.6666666666666667,0.0,0.0,0.6,0.0,1.0
1970-01-16 22:51:51.842,68.27332306666668,0.5833333333333334,0.0,0.0,1.1333333333333333,0.0,1.0666666666666669
1970-01-16 22:51:52.142,79.97732130666667,0.6833333333333332,0.0,8.533333333333333,3.333333333333333,0.0,1.0666666666666669
1970-01-16 22:51:52.442,83.87865405333334,0.7166666666666667,0.0,0.0,0.8666666666666667,0.0,1.0
1970-01-16 22:51:52.742,87.7799868,0.75,0.0,0.0,0.4666666666666667,0.0,1.0
1970-01-16 22:51:53.042,74.12532218666666,0.6333333333333333,0.0,0.0,0.4666666666666667,0.0,1.0
1970-01-16 22:51:53.342,66.32265669333334,0.5666666666666667,0.0,0.0,0.6,0.0,1.0
1970-01-16 22:51:53.642,76.07598856,0.65,0.0,0.0,14.133333333333333,0.0,1.0
1970-01-16 22:51:53.942,74.12532218666666,0.6333333333333333,0.0,0.0,0.4,0.0,1.0
1970-01-16 22:51:54.242,83.87865405333334,0.7166666666666667,0.0,0.0,0.5333333333333333,0.0,1.0
1970-01-16 22:51:54.542,83.87865405333334,0.7166666666666667,0.0,0.0,0.6,0.0,1.0
1970-01-16 22:51:54.842,70.22398944000001,0.6,0.0,0.0,0.4,0.0,1.0
1970-01-16 22:51:55.142,78.02665493333333,0.6666666666666667,0.0,0.0,0.4666666666666667,0.0,1.0
1970-01-16 22:51:55.442,79.97732130666667,0.6833333333333332,0.0,0.0,0.5333333333333333,0.0,1.0
1970-01-16 22:51:55.742,70.22398944000001,0.6,0.0,0.0,0.7333333333333333,0.0,1.0
1970-01-16 22:51:56.042,74.12532218666666,0.6333333333333333,0.0,0.0,0.4,0.0,0.9333333333333332
1970-01-16 22:51:56.342,85.82932042666667,0.7333333333333333,0.0,0.0,0.4666666666666667,0.0,1.0
1970-01-16 22:51:56.642,70.22398944000001,0.6,0.0,0.0,0.4666666666666667,0.0,1.0
1970-01-16 22:51:56.942,68.27332306666668,0.5833333333333334,0.0,0.0,0.6,0.0,1.0
1970-01-16 22:51:57.242,76.07598856,0.65,0.0,0.0,0.8666666666666667,0.0,1.0666666666666669
1970-01-16 22:51:57.542,66.32265669333334,0.5666666666666667,0.0,0.0,0.8,0.0,1.0
1970-01-16 22:51:57.842,83.87865405333334,0.7166666666666667,0.0,0.0,0.6,0.0,1.0
1970-01-16 22:51:58.142,81.92798768,0.7,0.0,0.0,0.5333333333333333,0.0,1.0
1970-01-16 22:51:58.442,70.22398944000001,0.6,0.0,0.0,0.4666666666666667,0.0,1.0
1970-01-16 22:51:58.742,68.27332306666668,0.5833333333333334,0.0,0.0,0.5333333333333333,0.0,1.0
1970-01-16 22:51:59.042,74.12532218666666,0.6333333333333333,0.0,0.0,0.6,0.0,0.9333333333333332
1970-01-16 22:51:59.342,81.92798768,0.7,134217.6,0.0,0.9333333333333332,0.06666666666666668,1.0666666666666669
1970-01-16 22:51:59.642,85.82932042666667,0.7333333333333333,178956.8,0.0,0.5333333333333333,0.0,1.0
1970-01-16 22:51:59.942,83.87865405333334,0.7166666666666667,0.0,0.0,0.4,0.0,1.0
1970-01-16 22:52:00.243,81.92798768,0.7,0.0,0.0,0.4666666666666667,0.0,1.0
1970-01-16 22:52:00.543,74.12532218666666,0.6333333333333333,0.0,0.0,0.6666666666666666,0.0,1.0
1970-01-16 22:52:00.843,74.12532218666666,0.6333333333333333,0.0,0.0,0.4,0.0,1.0
1970-01-16 22:52:01.143,72.17465581333335,0.6166666666666667,0.0,0.0,0.4,0.0,1.0
1970-01-16 22:52:01.443,81.92798768,0.7,0.0,0.0,0.4666666666666667,0.0,1.0
1970-01-16 22:52:01.743,81.92798768,0.7,0.0,0.0,0.9333333333333332,0.0,1.0
1970-01-16 22:52:02.043,72.17465581333335,0.6166666666666667,0.0,0.0,0.6666666666666666,0.0,1.0
1970-01-16 22:52:02.343,70.22398944000001,0.6,0.0,0.0,0.4666666666666667,0.0,1.0
1970-01-16 22:52:02.643,64.37199032000001,0.55,0.0,0.0,0.5333333333333333,0.0,1.0
1970-01-16 22:52:02.943,70.22398944000001,0.6,0.0,0.0,0.6666666666666666,0.0,1.0
1970-01-16 22:52:03.243,130.69464701333334,1.1166666666666667,447392.0,131.33333333333334,14.266666666666667,0.0,1.0
1970-01-16 22:52:03.543,81.92798768,0.7,223696.0,0.0,1.0,0.0,1.0
1970-01-16 22:52:03.843,87.7799868,0.75,0.0,32.666666666666664,3.333333333333333,0.0,1.0
1970-01-16 22:52:04.143,72.17465581333335,0.6166666666666667,0.0,0.0,0.6666666666666666,0.0,1.0
1970-01-16 22:52:04.443,72.17465581333335,0.6166666666666667,0.0,0.0,1.2,0.0,1.0666666666666669
1970-01-16 22:52:04.743,74.12532218666666,0.6333333333333333,0.0,0.0,0.6666666666666666,0.0,1.0
1970-01-16 22:52:05.043,83.87865405333334,0.7166666666666667,0.0,0.0,0.7333333333333333,0.0,1.0
1970-01-16 22:52:05.343,83.87865405333334,0.7166666666666667,223696.0,0.0,0.6666666666666666,0.0,1.0
1970-01-16 22:52:05.643,79.97732130666667,0.6833333333333332,134217.6,0.0,1.8666666666666667,0.0,1.0666666666666669
1970-01-16 22:52:05.943,70.22398944000001,0.6,0.0,0.0,0.7333333333333333,0.0,1.0
1970-01-16 22:52:06.243,70.22398944000001,0.6,0.0,0.0,0.6,0.0,1.0
1970-01-16 22:52:06.543,72.17465581333335,0.6166666666666667,0.0,0.0,0.6,0.0,1.0
1970-01-16 22:52:06.843,78.02665493333333,0.6666666666666667,0.0,0.0,0.6666666666666666,0.0,1.0
1970-01-16 22:52:07.143,76.07598856,0.65,0.0,0.0,0.6666666666666666,0.0,1.0
1970-01-16 22:52:07.443,68.27332306666668,0.5833333333333334,0.0,0.0,0.6,0.0,1.0
1970-01-16 22:52:07.743,62.42132394666667,0.5333333333333333,0.0,0.0,0.6,0.0,1.0
1970-01-16 22:52:08.043,78.02665493333333,0.6666666666666667,0.0,0.0,0.7333333333333333,0.0,1.0
1970-01-16 22:52:08.343,76.07598856,0.65,0.0,0.0,0.7333333333333333,0.0,1.0
1970-01-16 22:52:08.643,83.87865405333334,0.7166666666666667,0.0,0.0,0.6,0.0,0.9333333333333332
1970-01-16 22:52:08.943,81.92798768,0.7,0.0,0.0,0.5333333333333333,0.0,1.0
1970-01-16 22:52:09.244,87.7799868,0.75,0.0,0.0,0.6666666666666666,0.0,1.0
1970-01-16 22:52:09.544,74.12532218666666,0.6333333333333333,0.0,0.0,0.8,0.0,1.0
1970-01-16 22:52:09.844,74.12532218666666,0.6333333333333333,0.0,0.0,0.5333333333333333,0.0,1.0
1970-01-16 22:52:10.144,81.92798768,0.7,0.0,0.0,0.6,0.0,1.0
1970-01-16 22:52:10.444,79.97732130666667,0.6833333333333332,0.0,0.0,0.6666666666666666,0.0,1.0
1970-01-16 22:52:10.744,83.87865405333334,0.7166666666666667,0.0,0.0,0.8,0.0,1.0
1970-01-16 22:52:11.044,83.87865405333334,0.7166666666666667,0.0,0.0,0.6,0.0,1.0
1970-01-16 22:52:11.344,81.92798768,0.7,0.0,0.0,1.3333333333333333,0.06666666666666668,1.1333333333333333
1970-01-16 22:52:11.644,74.12532218666666,0.6333333333333333,0.0,0.0,1.2666666666666666,0.0,1.0
1970-01-16 22:52:11.944,79.97732130666667,0.6833333333333332,0.0,0.0,1.0,0.0,1.0
1970-01-16 22:52:12.244,83.87865405333334,0.7166666666666667,0.0,0.0,1.8666666666666667,0.0,0.9333333333333332
1970-01-16 22:52:12.544,83.87865405333334,0.7166666666666667,134217.6,0.0,1.3333333333333333,0.0,1.0
1970-01-16 22:52:12.844,85.82932042666667,0.7333333333333333,0.0,0.0,0.6,0.0,1.0
1970-01-16 22:52:13.144,68.27332306666668,0.5833333333333334,0.0,0.0,0.6,0.0,1.0
1970-01-16 22:52:13.444,68.27332306666668,0.5833333333333334,0.0,0.0,1.0,0.0,1.0
1970-01-16 22:52:13.744,79.97732130666667,0.6833333333333332,0.0,0.0,0.7333333333333333,0.0,1.0
1970-01-16 22:52:14.044,70.22398944000001,0.6,0.0,0.0,0.9333333333333332,0.0,0.9333333333333332
1970-01-16 22:52:14.344,72.17465581333335,0.6166666666666667,0.0,0.0,0.7333333333333333,0.0,1.0
1970-01-16 22:52:14.644,72.17465581333335,0.6166666666666667,0.0,0.0,0.6666666666666666,0.0,1.0
1970-01-16 22:52:14.944,62.42132394666667,0.5333333333333333,0.0,0.0,0.7333333333333333,0.0,1.0
1970-01-16 22:52:15.244,66.32265669333334,0.5666666666666667,0.0,0.0,0.6666666666666666,0.0,1.0
1970-01-16 22:52:15.544,68.27332306666668,0.5833333333333334,0.0,0.0,0.6,0.0,1.0
1970-01-16 22:52:15.844,85.82932042666667,0.7333333333333333,0.0,0.0,1.6,0.06666666666666668,0.9333333333333332
1970-01-16 22:52:16.144,58.51999120000001,0.5,0.0,0.0,2.0,0.0,1.0
1970-01-16 22:52:16.444,72.17465581333335,0.6166666666666667,0.0,0.0,0.6666666666666666,0.0,1.0
1970-01-16 22:52:16.744,66.32265669333334,0.5666666666666667,0.0,0.0,0.6666666666666666,0.0,1.0
1970-01-16 22:52:17.045,66.32265669333334,0.5666666666666667,0.0,0.0,0.7333333333333333,0.0,0.9333333333333332
1970-01-16 22:52:17.345,83.87865405333334,0.7166666666666667,0.0,0.0,0.9333333333333332,0.0,1.0666666666666669
1970-01-16 22:52:17.645,85.82932042666667,0.7333333333333333,0.0,0.0,0.8,0.0,0.9333333333333332
1970-01-16 22:52:17.945,83.87865405333334,0.7166666666666667,0.0,0.0,0.8,0.0,1.0
1970-01-16 22:52:18.245,76.07598856,0.65,0.0,0.0,1.3333333333333333,0.0,1.0666666666666669
1970-01-16 22:52:18.545,146.299978,1.25,268435.2,131.33333333333334,21.93333333333333,0.0,1.4
1970-01-16 22:52:18.845,74.12532218666666,0.6333333333333333,1207958.4,0.0,3.8,0.0,1.0
1970-01-16 22:52:19.145,85.82932042666667,0.7333333333333333,357913.6,32.666666666666664,4.133333333333334,0.0,1.0
1970-01-16 22:52:19.445,85.82932042666667,0.7333333333333333,0.0,0.0,0.6666666666666666,0.0,0.9333333333333332
1970-01-16 22:52:19.745,81.92798768,0.7,0.0,0.0,0.6666666666666666,0.0,1.0
1970-01-16 22:52:20.045,72.17465581333335,0.6166666666666667,0.0,0.0,0.7333333333333333,0.0,1.0
1970-01-16 22:52:20.345,78.02665493333333,0.6666666666666667,0.0,0.0,0.7333333333333333,0.0,1.0
1970-01-16 22:52:20.645,74.12532218666666,0.6333333333333333,0.0,0.0,0.6,0.0,1.0
1970-01-16 22:52:20.945,79.97732130666667,0.6833333333333332,0.0,0.0,0.7333333333333333,0.0,1.0
1970-01-16 22:52:21.245,87.7799868,0.75,0.0,0.0,1.1333333333333333,0.0,1.0
1970-01-16 22:52:21.545,83.87865405333334,0.7166666666666667,0.0,0.0,0.6,0.0,1.0
1970-01-16 22:52:21.845,68.27332306666668,0.5833333333333334,0.0,0.0,0.5333333333333333,0.0,1.0
1970-01-16 22:52:22.145,68.27332306666668,0.5833333333333334,0.0,0.0,0.7333333333333333,0.0,1.0
1970-01-16 22:52:22.445,62.42132394666667,0.5333333333333333,0.0,0.0,0.7333333333333333,0.0,1.0
1970-01-16 22:52:22.745,74.12532218666666,0.6333333333333333,0.0,0.0,0.5333333333333333,0.0,1.0
1970-01-16 22:52:23.045,85.82932042666667,0.7333333333333333,0.0,0.0,0.8666666666666667,0.0,1.0666666666666669
1970-01-16 22:52:23.345,74.12532218666666,0.6333333333333333,0.0,0.0,0.6666666666666666,0.0,1.0
1970-01-16 22:52:23.645,68.27332306666668,0.5833333333333334,0.0,0.0,0.6,0.0,1.0
1970-01-16 22:52:23.945,68.27332306666668,0.5833333333333334,0.0,0.0,0.5333333333333333,0.0,1.0
1970-01-16 22:52:24.245,70.22398944000001,0.6,0.0,0.0,0.4,0.0,1.0
1970-01-16 22:52:24.545,78.02665493333333,0.6666666666666667,0.0,0.0,0.4666666666666667,0.0,1.0
1970-01-16 22:52:24.845,85.82932042666667,0.7333333333333333,0.0,0.0,1.1333333333333333,0.0,1.0666666666666669
1970-01-16 22:52:25.145,78.02665493333333,0.6666666666666667,0.0,0.0,1.0,0.0,0.9333333333333332
1970-01-16 22:52:25.445,66.32265669333334,0.5666666666666667,0.0,0.0,0.4,0.0,1.0
1970-01-16 22:52:25.745,78.02665493333333,0.6666666666666667,44739.2,0.0,0.6666666666666666,0.06666666666666668,1.0
1970-01-16 22:52:26.045,60.47065757333333,0.5166666666666666,223696.0,0.0,0.6,0.0,1.0
1970-01-16 22:52:26.345,81.92798768,0.7,0.0,0.0,0.4,0.0,1.0
1970-01-16 22:52:26.645,81.92798768,0.7,0.0,0.0,0.4666666666666667,0.0,1.0
1970-01-16 22:52:26.945,68.27332306666668,0.5833333333333334,0.0,0.0,0.6,0.0,1.0
1970-01-16 22:52:27.245,66.32265669333334,0.5666666666666667,89478.4,0.0,0.6666666666666666,0.0,1.0
1970-01-16 22:52:27.545,78.02665493333333,0.6666666666666667,268435.2,0.0,0.4666666666666667,0.0,1.0
1970-01-16 22:52:27.845,85.82932042666667,0.7333333333333333,0.0,0.0,0.5333333333333333,0.0,1.0
1970-01-16 22:52:28.145,76.07598856,0.65,0.0,0.0,0.5333333333333333,0.0,1.0
1970-01-16 22:52:28.445,87.7799868,0.75,0.0,0.0,1.0,0.0,1.0666666666666669
1970-01-16 22:52:28.745,79.97732130666667,0.6833333333333332,0.0,0.0,0.5333333333333333,0.0,1.0
1970-01-16 22:52:29.045,60.47065757333333,0.5166666666666666,0.0,0.0,0.5333333333333333,0.0,1.0
1970-01-16 22:52:29.345,74.12532218666666,0.6333333333333333,0.0,0.0,0.4,0.0,1.0
1970-01-16 22:52:29.645,74.12532218666666,0.6333333333333333,0.0,0.0,0.6666666666666666,0.0,1.0
1970-01-16 22:52:29.945,76.07598856,0.65,0.0,0.0,0.5333333333333333,0.0,1.0
1970-01-16 22:52:30.245,87.7799868,0.75,0.0,0.0,0.4,0.0,1.0
1970-01-16 22:52:30.545,83.87865405333334,0.7166666666666667,0.0,0.0,0.8666666666666667,0.0,1.0
1970-01-16 22:52:30.845,58.51999120000001,0.5,0.0,0.0,0.6,0.0,1.0
1970-01-16 22:52:31.145,68.27332306666668,0.5833333333333334,0.0,0.0,1.1333333333333333,0.0,1.0666666666666669
1970-01-16 22:52:31.445,72.17465581333335,0.6166666666666667,0.0,0.0,0.4,0.0,1.0
1970-01-16 22:52:31.745,72.17465581333335,0.6166666666666667,0.0,0.0,0.4666666666666667,0.0,1.0
1970-01-16 22:52:32.046,83.87865405333334,0.7166666666666667,0.0,0.0,0.6666666666666666,0.0,0.9333333333333332
1970-01-16 22:52:32.346,78.02665493333333,0.6666666666666667,0.0,0.0,0.5333333333333333,0.0,1.0
1970-01-16 22:52:32.646,66.32265669333334,0.5666666666666667,0.0,0.0,0.4,0.0,1.0
1970-01-16 22:52:32.946,68.27332306666668,0.5833333333333334,0.0,0.0,0.4666666666666667,0.0,1.0
1970-01-16 22:52:33.246,76.07598856,0.65,0.0,0.0,0.6666666666666666,0.0,1.0
1970-01-16 22:52:33.546,78.02665493333333,0.6666666666666667,0.0,0.0,0.5333333333333333,0.0,1.0
1970-01-16 22:52:33.846,81.92798768,0.7,0.0,0.0,0.4666666666666667,0.0,1.0
1970-01-16 22:52:34.146,68.27332306666668,0.5833333333333334,0.0,0.0,1.2,0.0,1.0
1970-01-16 22:52:34.446,62.42132394666667,0.5333333333333333,0.0,0.0,0.6666666666666666,0.0,1.0
1970-01-16 22:52:34.746,74.12532218666666,0.6333333333333333,0.0,0.0,0.6,0.0,1.0
1970-01-16 22:52:35.046,79.97732130666667,0.6833333333333332,0.0,0.0,0.4666666666666667,0.0,1.0
1970-01-16 22:52:35.346,81.92798768,0.7,0.0,0.0,0.8666666666666667,0.0,1.0666666666666669
1970-01-16 22:52:35.646,76.07598856,0.65,0.0,0.0,0.6,0.0,0.9333333333333332
1970-01-16 22:52:35.946,72.17465581333335,0.6166666666666667,0.0,0.0,0.6666666666666666,0.0,1.0
1970-01-16 22:52:36.246,70.22398944000001,0.6,0.0,0.0,1.3333333333333333,0.0,1.0
1970-01-16 22:52:36.546,68.27332306666668,0.5833333333333334,0.0,0.0,0.6666666666666666,0.0,1.0
1970-01-16 22:52:36.846,79.97732130666667,0.6833333333333332,0.0,0.0,0.5333333333333333,0.0,1.0
1970-01-16 22:52:37.146,85.82932042666667,0.7333333333333333,0.0,0.0,1.0666666666666669,0.0,1.0666666666666669
1970-01-16 22:52:37.446,81.92798768,0.7,0.0,0.0,0.5333333333333333,0.0,1.0
1970-01-16 22:52:37.746,76.07598856,0.65,223696.0,0.0,0.6666666666666666,0.0,1.0
1970-01-16 22:52:38.046,64.37199032000001,0.55,671088.0,0.0,0.4666666666666667,0.0,1.0
1970-01-16 22:52:38.346,72.17465581333335,0.6166666666666667,0.0,0.0,0.4666666666666667,0.0,1.0
1970-01-16 22:52:38.646,85.82932042666667,0.7333333333333333,0.0,0.0,0.4666666666666667,0.0,1.0
1970-01-16 22:52:38.947,79.97732130666667,0.6833333333333332,0.0,0.0,0.6666666666666666,0.0,1.0
1970-01-16 22:52:39.247,79.97732130666667,0.6833333333333332,0.0,0.0,0.6,0.0,1.0
1970-01-16 22:52:39.547,76.07598856,0.65,0.0,0.0,0.4666666666666667,0.0,1.0
1970-01-16 22:52:39.847,70.22398944000001,0.6,0.0,0.0,0.4666666666666667,0.0,1.0
1970-01-16 22:52:40.147,70.22398944000001,0.6,0.0,0.0,0.6666666666666666,0.0,1.0
1970-01-16 22:52:40.447,81.92798768,0.7,0.0,0.0,0.5333333333333333,0.0,1.0
1970-01-16 22:52:40.747,85.82932042666667,0.7333333333333333,0.0,0.0,14.2,0.0,1.0
1970-01-16 22:52:41.047,83.87865405333334,0.7166666666666667,0.0,0.0,0.8,0.0,1.0
1970-01-16 22:52:41.347,74.12532218666666,0.6333333333333333,0.0,0.0,0.6666666666666666,0.0,0.9333333333333332
1970-01-16 22:52:41.647,74.12532218666666,0.6333333333333333,0.0,0.0,0.5333333333333333,0.0,1.0
1970-01-16 22:52:41.947,72.17465581333335,0.6166666666666667,0.0,0.0,0.5333333333333333,0.0,1.0
1970-01-16 22:52:42.247,78.02665493333333,0.6666666666666667,0.0,0.06666666666666668,1.6666666666666667,0.06666666666666668,1.0666666666666669
1970-01-16 22:52:42.547,79.97732130666667,0.6833333333333332,0.0,0.0,0.6666666666666666,0.0,1.0
1970-01-16 22:52:42.847,79.97732130666667,0.6833333333333332,0.0,0.0,1.1333333333333333,0.0,1.0666666666666669
1970-01-16 22:52:43.147,66.32265669333334,0.5666666666666667,0.0,0.0,0.5333333333333333,0.0,1.0
1970-01-16 22:52:43.447,72.17465581333335,0.6166666666666667,0.0,0.0,0.5333333333333333,0.0,1.0
1970-01-16 22:52:43.747,60.47065757333333,0.5166666666666666,0.0,0.0,0.6666666666666666,0.0,1.0
1970-01-16 22:52:44.047,76.07598856,0.65,0.0,0.0,0.5333333333333333,0.0,1.0
1970-01-16 22:52:44.347,87.7799868,0.75,0.0,0.0,0.4,0.0,1.0
1970-01-16 22:52:44.647,78.02665493333333,0.6666666666666667,134217.6,0.0,0.4666666666666667,0.0,1.0
1970-01-16 22:52:44.947,68.27332306666668,0.5833333333333334,0.0,0.0,0.9333333333333332,0.0,0.9333333333333332
1970-01-16 22:52:45.247,78.02665493333333,0.6666666666666667,0.0,0.0,0.4666666666666667,0.0,1.0
1970-01-16 22:52:45.547,79.97732130666667,0.6833333333333332,0.0,0.0,0.4666666666666667,0.0,1.0
1970-01-16 22:52:45.847,83.87865405333334,0.7166666666666667,0.0,0.0,0.7333333333333333,0.0,1.0
1970-01-16 22:52:46.147,87.7799868,0.75,0.0,0.0,0.6666666666666666,0.0,1.0
1970-01-16 22:52:46.447,81.92798768,0.7,134217.6,0.0,0.6666666666666666,0.0,1.0
1970-01-16 22:52:46.747,72.17465581333335,0.6166666666666667,268435.2,0.0,0.4666666666666667,0.0,1.0
1970-01-16 22:52:47.047,72.17465581333335,0.6166666666666667,0.0,0.0,0.7333333333333333,0.0,1.0
1970-01-16 22:52:47.347,72.17465581333335,0.6166666666666667,0.0,0.0,0.7333333333333333,0.0,1.0
1970-01-16 22:52:47.647,72.17465581333335,0.6166666666666667,0.0,0.0,0.7333333333333333,0.0,1.0
1970-01-16 22:52:47.947,76.07598856,0.65,0.0,0.0,0.6666666666666666,0.0,1.0
1970-01-16 22:52:48.247,78.02665493333333,0.6666666666666667,0.0,0.0,0.6666666666666666,0.0,1.0
1970-01-16 22:52:48.547,66.32265669333334,0.5666666666666667,0.0,0.0,1.7333333333333334,0.0,1.0666666666666669
1970-01-16 22:52:48.848,68.27332306666668,0.5833333333333334,134217.6,0.0,0.6666666666666666,0.0,1.0
1970-01-16 22:52:49.148,72.17465581333335,0.6166666666666667,0.0,0.0,0.6666666666666666,0.0,1.0
1970-01-16 22:52:49.448,79.97732130666667,0.6833333333333332,0.0,0.0,0.7333333333333333,0.0,1.0
1970-01-16 22:52:49.748,81.92798768,0.7,0.0,0.0,0.7333333333333333,0.0,1.0
1970-01-16 22:52:50.048,68.27332306666668,0.5833333333333334,0.0,0.0,0.7333333333333333,0.0,1.0
1970-01-16 22:52:50.348,64.37199032000001,0.55,0.0,0.0,0.6666666666666666,0.0,0.9333333333333332
1970-01-16 22:52:50.648,68.27332306666668,0.5833333333333334,0.0,0.0,0.6666666666666666,0.0,1.0
1970-01-16 22:52:50.948,78.02665493333333,0.6666666666666667,0.0,0.0,0.6666666666666666,0.0,1.0
1970-01-16 22:52:51.248,78.02665493333333,0.6666666666666667,0.0,0.0,0.7333333333333333,0.0,1.0
1970-01-16 22:52:51.548,70.22398944000001,0.6,0.0,0.0,0.6666666666666666,0.0,1.0
1970-01-16 22:52:51.848,81.92798768,0.7,0.0,0.0,0.6666666666666666,0.0,1.0
1970-01-16 22:52:52.148,2594.3862765333333,22.166666666666664,760566.4,2.533333333333333,2.466666666666667,878.2666666666668,19.866666666666667
1970-01-16 22:52:52.448,1033.8531778666668,8.833333333333334,3802833.6,2.533333333333333,2.4,32.46666666666667,1.8666666666666667
1970-01-16 22:52:52.748,6612.759005600001,56.5,3534397.8666666667,3.066666666666667,4002.066666666666,889.1333333333333,20.666666666666668
1970-01-16 22:52:53.047,10931.53435616,93.4,6531927.2,0.3333333333333333,12415.466666666667,0.0,1.4
1970-01-16 22:52:53.347,10968.597017253333,93.71666666666664,6442449.6,0.4,13449.066666666668,0.0,1.4
1970-01-16 22:52:53.647,10900.323694186667,93.13333333333334,7292494.4,0.5333333333333333,16572.8,0.0,1.6666666666666667
1970-01-16 22:52:53.947,10796.9383764,92.25,8768889.066666666,0.2,16932.933333333334,0.0,2.533333333333333
1970-01-16 22:52:54.247,10082.99448376,86.15,15166601.066666665,2.6,11991.133333333333,894.3333333333335,30.8
1970-01-16 22:52:54.547,10972.49835,93.75,15792950.666666664,17.0,13514.133333333333,3.8,1.5333333333333334
1970-01-16 22:52:54.847,7478.854875360002,63.9,7560930.133333334,3.2666666666666666,7494.666666666668,2.6666666666666665,13.8
1970-01-16 22:52:55.147,81.92798768,0.7,5234488.533333333,0.0,0.9333333333333332,0.0,1.0
1970-01-16 22:52:55.447,79.97732130666667,0.6833333333333332,805305.6,0.0,0.6666666666666666,0.0,1.0
1970-01-16 22:52:55.747,66.32265669333334,0.5666666666666667,0.0,0.0,0.6666666666666666,0.0,1.0
1970-01-16 22:52:56.047,81.92798768,0.7,0.0,0.0,0.6666666666666666,0.0,1.0
1970-01-16 22:52:56.347,85.82932042666667,0.7333333333333333,0.0,0.0,0.6666666666666666,0.0,1.0
1970-01-16 22:52:56.648,81.92798768,0.7,0.0,0.0,0.6666666666666666,0.0,1.0
1970-01-16 22:52:56.948,8042.597457253334,68.71666666666667,2773831.733333333,2.533333333333333,1.7333333333333334,801.0666666666667,24.2
1970-01-16 22:52:57.248,10980.301015493334,93.81666666666666,5055532.533333333,0.0,0.6,0.0,29.53333333333333
1970-01-16 22:52:57.548,10956.893019013332,93.61666666666666,5502925.6,0.0,0.6666666666666666,0.0,36.66666666666666
1970-01-16 22:52:57.848,10896.42236144,93.1,5860839.466666668,0.0,0.6666666666666666,0.2,93.93333333333334
1970-01-16 22:52:58.148,3446.827481680001,29.45,14227077.6,0.0,14.266666666666667,3.333333333333333,526.5333333333333
1970-01-16 22:52:58.448,87.7799868,0.75,8187280.0,0.0,0.6666666666666666,0.0,1.0
1970-01-16 22:52:58.748,85.82932042666667,0.7333333333333333,805305.6,0.0,0.6666666666666666,0.0,1.0
1970-01-16 22:52:59.048,83.87865405333334,0.7166666666666667,0.0,0.0,0.6666666666666666,0.0,1.0
1970-01-16 22:52:59.348,66.32265669333334,0.5666666666666667,0.0,0.0,0.9333333333333332,0.0,1.0
1970-01-16 22:52:59.648,62.42132394666667,0.5333333333333333,0.0,0.0,0.7333333333333333,0.0,1.0
1970-01-16 22:52:59.948,70.22398944000001,0.6,0.0,0.0,0.6666666666666666,0.0,1.0
1970-01-16 22:53:00.248,62.42132394666667,0.5333333333333333,0.0,0.0,0.6666666666666666,0.0,1.0
1970-01-16 22:53:00.548,70.22398944000001,0.6,134217.6,0.0,0.6666666666666666,0.0,1.0
1970-01-16 22:53:00.848,72.17465581333335,0.6166666666666667,0.0,0.0,0.8,0.0,1.0
1970-01-16 22:53:01.148,66.32265669333334,0.5666666666666667,0.0,0.0,0.7333333333333333,0.0,0.9333333333333332
1970-01-16 22:53:01.448,64.37199032000001,0.55,0.0,0.0,1.3333333333333333,0.0,1.0666666666666669
1970-01-16 22:53:01.748,78.02665493333333,0.6666666666666667,0.0,0.0,1.0666666666666669,0.0,1.0666666666666669
1970-01-16 22:53:02.048,85.82932042666667,0.7333333333333333,0.0,0.0,1.0,0.0,1.0
1970-01-16 22:53:02.348,64.37199032000001,0.55,0.0,0.0,0.6666666666666666,0.0,1.0
1970-01-16 22:53:02.648,76.07598856,0.65,0.0,0.0,0.6666666666666666,0.0,1.0
1970-01-16 22:53:02.948,507.17325706666674,4.333333333333333,178956.8,2.533333333333333,1.7333333333333334,521.1333333333333,5.266666666666667
1970-01-16 22:53:03.248,10644.78639928,90.95,3668614.4,0.0,6986.333333333332,245.86666666666667,36.66666666666666
1970-01-16 22:53:03.548,10990.05434736,93.9,4697619.2,3.2666666666666666,13678.333333333336,0.06666666666666668,43.13333333333333
1970-01-16 22:53:03.848,10941.287688026667,93.48333333333332,5995056.8,0.4,13809.4,0.06666666666666668,43.13333333333333
1970-01-16 22:53:04.149,10859.359700346668,92.78333333333336,7829365.066666666,0.2,16362.266666666665,0.13333333333333333,85.2
1970-01-16 22:53:04.449,7377.420223946668,63.03333333333333,11721678.933333335,0.0,13449.8,4.533333333333333,828.6
1970-01-16 22:53:04.749,83.87865405333334,0.7166666666666667,14361294.4,0.0,0.9333333333333332,0.0,1.0
1970-01-16 22:53:05.049,79.97732130666667,0.6833333333333332,2863309.333333333,0.0,0.8666666666666667,0.0,1.0
1970-01-16 22:53:05.349,6127.043078640001,52.35,2818571.466666667,2.533333333333333,550.3333333333334,766.8666666666667,19.733333333333334
1970-01-16 22:53:05.649,11025.16634208,94.2,5592402.933333334,5.066666666666666,13095.533333333333,0.0,43.13333333333333
1970-01-16 22:53:05.949,10960.794351760003,93.65,3847571.2,0.26666666666666666,10583.0,0.06666666666666668,32.6
1970-01-16 22:53:06.249,10956.893019013332,93.61666666666666,5145011.2,0.4666666666666667,14823.4,0.13333333333333333,54.06666666666667
1970-01-16 22:53:06.549,10847.65570210667,92.68333333333334,6934580.533333332,0.2,15448.533333333333,0.13333333333333333,85.2
1970-01-16 22:53:06.849,9967.905167733334,85.16666666666666,14361295.466666667,2.533333333333333,13879.733333333335,893.6666666666665,839.5333333333333
1970-01-16 22:53:07.149,10941.287688026667,93.48333333333332,17806217.066666666,7.2666666666666675,12867.0,8.4,33.666666666666664
1970-01-16 22:53:07.449,9926.941173893334,84.81666666666666,8410975.2,0.6666666666666666,9770.533333333333,7.533333333333332,1014.0666666666667
1970-01-16 22:53:07.749,85.82932042666667,0.7333333333333333,6218753.066666666,0.0,1.5333333333333334,0.0,1.0666666666666669
1970-01-16 22:53:08.049,70.22398944000001,0.6,1565872.0,0.0,0.9333333333333332,0.0,1.0
1970-01-16 22:53:08.349,76.07598856,0.65,0.0,0.0,0.8,0.0,1.0
1970-01-16 22:53:08.649,60.47065757333333,0.5166666666666666,0.0,0.0,0.8666666666666667,0.0,1.0
1970-01-16 22:53:08.949,79.97732130666667,0.6833333333333332,0.0,0.0,1.2666666666666666,0.0,1.0666666666666669
1970-01-16 22:53:09.249,83.87865405333334,0.7166666666666667,0.0,0.0,0.8666666666666667,0.0,1.0
1970-01-16 22:53:09.549,68.27332306666668,0.5833333333333334,0.0,0.0,0.6666666666666666,0.0,1.0
1970-01-16 22:53:09.849,64.37199032000001,0.55,0.0,0.06666666666666668,1.4,0.0,1.0
1970-01-16 22:53:10.149,138.49731250666667,1.1833333333333331,939523.2,131.33333333333334,21.73333333333333,0.0,1.4
1970-01-16 22:53:10.449,76.07598856,0.65,1207958.4,0.0,3.8,0.0,1.0
1970-01-16 22:53:10.749,83.87865405333334,0.7166666666666667,268435.2,32.666666666666664,3.933333333333333,0.0,1.0
1970-01-16 22:53:11.049,2436.3823002933336,20.816666666666666,671088.2666666667,2.533333333333333,2.933333333333333,864.4,9.333333333333334
1970-01-16 22:53:11.349,10913.9783588,93.25,7024058.933333334,8.666666666666666,11417.533333333333,19.666666666666668,44.86666666666667
1970-01-16 22:53:11.649,10531.647749626667,89.98333333333332,7024059.733333332,3.333333333333333,9320.866666666667,17.2,1022.6666666666665
1970-01-16 22:53:11.949,191.16530458666668,1.6333333333333335,7113537.066666666,0.0,0.7333333333333333,0.0,0.9333333333333332
1970-01-16 22:53:12.249,70.22398944000001,0.6,1610611.2,0.0,0.8,0.0,1.0
1970-01-16 22:53:12.549,8477.596058506668,72.43333333333334,3310703.2,5.7333333333333325,4326.266666666666,884.0,31.13333333333333
1970-01-16 22:53:12.849,10972.49835,93.75,5637143.2,8.333333333333334,12629.666666666664,0.06666666666666668,33.4
1970-01-16 22:53:13.149,10874.965031333333,92.91666666666666,6845101.6,3.2666666666666666,14361.333333333336,10.0,56.06666666666667
1970-01-16 22:53:13.449,10915.929025173336,93.26666666666668,5145012.0,0.3333333333333333,16926.066666666666,0.13333333333333333,55.0
1970-01-16 22:53:13.749,8017.238794399999,68.5,8097800.533333332,0.2,11454.4,0.06666666666666668,65.73333333333333
1970-01-16 22:53:14.050,4492.384657786667,38.38333333333333,11363765.866666667,2.533333333333333,412.86666666666673,880.2666666666668,20.53333333333333
1970-01-16 22:53:14.350,10982.25168186667,93.83333333333334,5637143.2,8.4,12063.266666666665,3.8,33.46666666666667
1970-01-16 22:53:14.650,10972.49835,93.75,6487188.0,3.2666666666666666,13357.933333333332,0.06666666666666668,33.4
1970-01-16 22:53:14.950,10919.830357920002,93.3,6531927.2,0.6,15635.066666666668,0.2,55.0
1970-01-16 22:53:15.250,10867.16236584,92.85,5502925.6,0.26666666666666666,18399.466666666667,0.06666666666666668,65.73333333333333
1970-01-16 22:53:15.550,8696.07069232,74.3,10558459.2,0.06666666666666668,16555.866666666665,4.533333333333333,862.0
1970-01-16 22:53:15.850,87.7799868,0.75,17448302.666666668,0.0,1.2666666666666666,0.06666666666666668,1.0666666666666669
1970-01-16 22:53:16.150,87.7799868,0.75,4697618.666666667,0.0,1.0,0.0,1.0
1970-01-16 22:53:16.450,79.97732130666667,0.6833333333333332,671088.0,0.0,1.0,0.0,0.9333333333333332
1970-01-16 22:53:16.750,81.92798768,0.7,0.0,0.0,1.0,0.0,1.0
1970-01-16 22:53:17.050,68.27332306666668,0.5833333333333334,0.0,0.0,1.0,0.0,1.0
1970-01-16 22:53:17.350,81.92798768,0.7,0.0,0.0,1.0,0.0,1.0
1970-01-16 22:53:17.650,87.7799868,0.75,0.0,0.0,0.9333333333333332,0.0,1.0
1970-01-16 22:53:17.950,81.92798768,0.7,0.0,0.0,0.9333333333333332,0.0,1.0
1970-01-16 22:53:18.250,81.92798768,0.7,0.0,0.0,0.8,0.0,1.0
1970-01-16 22:53:18.550,70.22398944000001,0.6,0.0,0.0,0.6666666666666666,0.0,1.0
1970-01-16 22:53:18.850,66.32265669333334,0.5666666666666667,0.0,0.0,0.6666666666666666,0.0,1.0
1970-01-16 22:53:19.150,72.17465581333335,0.6166666666666667,0.0,0.0,0.6666666666666666,0.0,1.0
1970-01-16 22:53:19.450,72.17465581333335,0.6166666666666667,0.0,0.0,0.6666666666666666,0.0,1.0
1970-01-16 22:53:19.750,81.92798768,0.7,0.0,0.0,0.7333333333333333,0.0,1.0
1970-01-16 22:53:20.050,72.17465581333335,0.6166666666666667,0.0,0.0,0.6666666666666666,0.0,1.0
1970-01-16 22:53:20.350,87.7799868,0.75,0.0,0.0,1.3333333333333333,0.06666666666666668,1.0666666666666669
1970-01-16 22:53:20.650,66.32265669333334,0.5666666666666667,0.0,0.0,1.3333333333333333,0.0,1.0
1970-01-16 22:53:20.950,72.17465581333335,0.6166666666666667,0.0,0.0,0.7333333333333333,0.0,0.9333333333333332
1970-01-16 22:53:21.250,83.87865405333334,0.7166666666666667,357913.6,0.0,0.6666666666666666,0.0,1.0
1970-01-16 22:53:21.550,83.87865405333334,0.7166666666666667,0.0,0.0,0.6666666666666666,0.0,1.0
1970-01-16 22:53:21.850,85.82932042666667,0.7333333333333333,0.0,0.0,0.6666666666666666,0.0,1.0
1970-01-16 22:53:22.150,85.82932042666667,0.7333333333333333,0.0,0.0,1.1333333333333333,0.06666666666666668,1.0666666666666669
1970-01-16 22:53:22.450,81.92798768,0.7,0.0,0.0,0.6666666666666666,0.0,1.0
1970-01-16 22:53:22.750,79.97732130666667,0.6833333333333332,0.0,0.0,0.6666666666666666,0.0,1.0
1970-01-16 22:53:23.050,87.7799868,0.75,0.0,0.0,0.8666666666666667,0.0,1.0
1970-01-16 22:53:23.350,87.7799868,0.75,0.0,0.0,0.8666666666666667,0.0,1.0
1970-01-16 22:53:23.651,79.97732130666667,0.6833333333333332,0.0,0.0,0.7333333333333333,0.0,1.0
1970-01-16 22:53:23.951,79.97732130666667,0.6833333333333332,0.0,0.0,0.6666666666666666,0.0,1.0
1970-01-16 22:53:24.251,83.87865405333334,0.7166666666666667,134217.6,0.0,1.2666666666666666,0.0,1.0
1970-01-16 22:53:24.551,78.02665493333333,0.6666666666666667,0.0,0.0,0.9333333333333332,0.0,1.0
1970-01-16 22:53:24.851,81.92798768,0.7,0.0,0.0,0.8666666666666667,0.0,1.0
1970-01-16 22:53:25.151,79.97732130666667,0.6833333333333332,0.0,0.0,0.7333333333333333,0.0,1.0
1970-01-16 22:53:25.451,76.07598856,0.65,0.0,0.0,0.6666666666666666,0.0,1.0
1970-01-16 22:53:25.750,78.02665493333333,0.6666666666666667,0.0,0.0,0.6666666666666666,0.0,1.0
1970-01-16 22:53:26.050,70.22398944000001,0.6,0.0,0.0,0.6666666666666666,0.0,1.0
1970-01-16 22:53:26.350,72.17465581333335,0.6166666666666667,0.0,0.0,1.2666666666666666,0.0,1.0666666666666669
1970-01-16 22:53:26.650,81.92798768,0.7,0.0,0.0,0.6666666666666666,0.0,1.0
1970-01-16 22:53:26.950,78.02665493333333,0.6666666666666667,0.0,0.0,0.8,0.0,1.0
1970-01-16 22:53:27.250,78.02665493333333,0.6666666666666667,0.0,0.0,0.8666666666666667,0.0,1.0
1970-01-16 22:53:27.550,83.87865405333334,0.7166666666666667,0.0,0.0,0.8666666666666667,0.0,1.0
1970-01-16 22:53:27.850,81.92798768,0.7,0.0,0.0,14.6,0.0,1.0
1970-01-16 22:53:28.150,68.27332306666668,0.5833333333333334,268435.2,0.0,1.2,0.0,1.0
1970-01-16 22:53:28.450,76.07598856,0.65,134217.6,0.0,1.2666666666666666,0.0,1.0666666666666669
1970-01-16 22:53:28.751,76.07598856,0.65,0.0,0.0,1.0666666666666669,0.0,1.0
1970-01-16 22:53:29.051,78.02665493333333,0.6666666666666667,0.0,0.0,1.0,0.0,1.0
1970-01-16 22:53:29.351,68.27332306666668,0.5833333333333334,0.0,0.0,1.0,0.0,1.0
1970-01-16 22:53:29.651,132.6453133866667,1.1333333333333333,223696.0,131.33333333333334,14.466666666666667,0.0,1.0
1970-01-16 22:53:29.951,74.12532218666666,0.6333333333333333,357913.6,0.0,1.4,0.0,1.0
1970-01-16 22:53:30.251,85.82932042666667,0.7333333333333333,0.0,32.666666666666664,3.6,0.0,1.0
1970-01-16 22:53:30.551,83.87865405333334,0.7166666666666667,0.0,0.0,1.0,0.0,1.0
1970-01-16 22:53:30.851,70.22398944000001,0.6,0.0,0.0,1.0,0.0,1.0
1970-01-16 22:53:31.151,76.07598856,0.65,0.0,0.0,1.0,0.0,1.0
1970-01-16 22:53:31.451,72.17465581333335,0.6166666666666667,0.0,0.0,1.0,0.0,1.0
1970-01-16 22:53:31.751,74.12532218666666,0.6333333333333333,0.0,0.0,1.0,0.0,1.0
1970-01-16 22:53:32.051,81.92798768,0.7,0.0,0.0,1.0,0.0,0.9333333333333332
1970-01-16 22:53:32.351,85.82932042666667,0.7333333333333333,0.0,0.0,1.0,0.0,1.0
1970-01-16 22:53:32.651,83.87865405333334,0.7166666666666667,134217.6,0.0,1.2,0.0,1.0
1970-01-16 22:53:32.951,72.17465581333335,0.6166666666666667,0.0,0.0,1.0,0.0,1.0
1970-01-16 22:53:33.251,79.97732130666667,0.6833333333333332,0.0,0.0,1.0,0.0,1.0
1970-01-16 22:53:33.551,64.37199032000001,0.55,0.0,0.0,1.4666666666666666,0.0,1.0666666666666669
1970-01-16 22:53:33.851,87.7799868,0.75,0.0,0.0,1.3333333333333333,0.0,1.0666666666666669
1970-01-16 22:53:34.151,78.02665493333333,0.6666666666666667,0.0,0.0,1.0,0.0,1.0
1970-01-16 22:53:34.451,76.07598856,0.65,178956.8,0.0,1.0,0.0,1.0
1970-01-16 22:53:34.751,68.27332306666668,0.5833333333333334,134217.6,0.0,1.0,0.0,1.0
1970-01-16 22:53:35.051,68.27332306666668,0.5833333333333334,0.0,0.0,1.0,0.0,1.0
1970-01-16 22:53:35.351,79.97732130666667,0.6833333333333332,357913.6,0.0,1.0,0.0,1.0
1970-01-16 22:53:35.651,79.97732130666667,0.6833333333333332,223696.0,0.0,1.0,0.0,1.0
1970-01-16 22:53:35.951,87.7799868,0.75,0.0,0.0,1.0,0.0,1.0
1970-01-16 22:53:36.251,81.92798768,0.7,0.0,0.0,1.0,0.0,1.0
1970-01-16 22:53:36.551,83.87865405333334,0.7166666666666667,0.0,0.0,1.0,0.0,1.0
1970-01-16 22:53:36.851,79.97732130666667,0.6833333333333332,0.0,0.0,1.2,0.0,1.0
1970-01-16 22:53:37.152,74.12532218666666,0.6333333333333333,0.0,0.0,1.0,0.0,1.0
1970-01-16 22:53:37.452,76.07598856,0.65,0.0,0.0,1.0,0.0,1.0
1970-01-16 22:53:37.752,76.07598856,0.65,0.0,0.0,1.0,0.0,1.0
1970-01-16 22:53:38.052,87.7799868,0.75,0.0,0.0,1.0,0.0,1.0
1970-01-16 22:53:38.352,71.05998931428573,0.6071428571428572,0.0,0.0,1.2857142857142858,0.0,1.0
1970-01-16 22:53:38.652,74.12532218666666,0.6333333333333333,0.0,0.0,2.2,0.0,1.0
1970-01-16 22:53:38.952,81.92798768,0.7,0.0,0.0,1.5333333333333334,0.0,1.0
1970-01-16 22:53:39.252,83.87865405333334,0.7166666666666667,0.0,0.0,1.4,0.0,1.0666666666666669
1970-01-16 22:53:39.552,83.87865405333334,0.7166666666666667,0.0,0.0,0.9333333333333332,0.0,1.0
1970-01-16 22:53:39.852,85.82932042666667,0.7333333333333333,0.0,0.0,1.6,0.0,1.0666666666666669
1970-01-16 22:53:40.152,79.97732130666667,0.6833333333333332,0.0,0.0,0.9333333333333332,0.0,1.0
1970-01-16 22:53:40.452,79.97732130666667,0.6833333333333332,0.0,0.0,1.0666666666666669,0.0,1.0
1970-01-16 22:53:40.752,81.92798768,0.7,0.0,0.0,0.6666666666666666,0.0,1.0
1970-01-16 22:53:41.052,85.82932042666667,0.7333333333333333,0.0,0.0,0.6666666666666666,0.0,0.9333333333333332
1970-01-16 22:53:41.352,76.07598856,0.65,0.0,0.0,0.6666666666666666,0.0,1.0
1970-01-16 22:53:41.652,81.92798768,0.7,0.0,0.0,0.6666666666666666,0.0,1.0
1970-01-16 22:53:41.952,70.22398944000001,0.6,0.0,0.0,0.6666666666666666,0.0,1.0
1970-01-16 22:53:42.252,70.22398944000001,0.6,0.0,0.0,0.6666666666666666,0.06666666666666668,1.0
1970-01-16 22:53:42.552,76.07598856,0.65,0.0,0.0,0.9333333333333332,0.0,1.0
1970-01-16 22:53:42.852,81.92798768,0.7,0.0,0.0,0.7333333333333333,0.0,0.9333333333333332
1970-01-16 22:53:43.152,78.02665493333333,0.6666666666666667,0.0,0.0,0.6666666666666666,0.0,1.0
1970-01-16 22:53:43.452,74.12532218666666,0.6333333333333333,0.0,0.0,0.6666666666666666,0.0,1.0
1970-01-16 22:53:43.752,68.27332306666668,0.5833333333333334,0.0,0.0,0.6666666666666666,0.0,1.0
1970-01-16 22:53:44.052,74.12532218666666,0.6333333333333333,0.0,0.0,0.7333333333333333,0.0,1.0
1970-01-16 22:53:44.352,85.82932042666667,0.7333333333333333,0.0,0.0,0.7333333333333333,0.0,1.0
1970-01-16 22:53:44.653,72.17465581333335,0.6166666666666667,0.0,0.0,0.6666666666666666,0.0,0.9333333333333332
1970-01-16 22:53:44.953,78.02665493333333,0.6666666666666667,0.0,0.0,0.9333333333333332,0.0,1.0
1970-01-16 22:53:45.253,74.12532218666666,0.6333333333333333,0.0,0.0,0.6666666666666666,0.0,1.0
1970-01-16 22:53:45.553,58.51999120000001,0.5,0.0,0.0,0.6666666666666666,0.0,1.0
1970-01-16 22:53:45.853,72.17465581333335,0.6166666666666667,0.0,0.0,0.6666666666666666,0.0,1.0
1970-01-16 22:53:46.153,70.22398944000001,0.6,0.0,0.0,0.6666666666666666,0.0,1.0
1970-01-16 22:53:46.453,66.32265669333334,0.5666666666666667,0.0,0.0,1.6,0.06666666666666668,1.1333333333333333
1970-01-16 22:53:46.753,70.22398944000001,0.6,0.0,0.0,0.6666666666666666,0.0,1.0
1970-01-16 22:53:47.053,64.37199032000001,0.55,0.0,0.0,0.6666666666666666,0.0,1.0
1970-01-16 22:53:47.353,60.47065757333333,0.5166666666666666,0.0,0.0,0.6666666666666666,0.0,1.0
1970-01-16 22:53:47.653,81.92798768,0.7,0.0,0.0,1.2,0.0,1.0
1970-01-16 22:53:47.953,74.12532218666666,0.6333333333333333,0.0,0.0,0.8666666666666667,0.0,1.0
1970-01-16 22:53:48.253,78.02665493333333,0.6666666666666667,134217.6,0.0,0.8,0.0,1.0
1970-01-16 22:53:48.553,68.27332306666668,0.5833333333333334,0.0,0.0,0.9333333333333332,0.0,1.0
1970-01-16 22:53:48.853,78.02665493333333,0.6666666666666667,0.0,0.0,1.1333333333333333,0.0,1.0
1970-01-16 22:53:49.153,62.42132394666667,0.5333333333333333,0.0,0.0,0.9333333333333332,0.0,1.0
1970-01-16 22:53:49.453,60.47065757333333,0.5166666666666666,0.0,0.0,0.9333333333333332,0.0,1.0
1970-01-16 22:53:49.753,76.07598856,0.65,0.0,0.0,1.0,0.0,1.0
1970-01-16 22:53:50.053,79.97732130666667,0.6833333333333332,0.0,0.0,1.0,0.0,1.0
1970-01-16 22:53:50.353,70.22398944000001,0.6,0.0,0.0,0.9333333333333332,0.0,1.0
1970-01-16 22:53:50.653,70.22398944000001,0.6,89478.4,0.0,1.0,0.0,1.0
1970-01-16 22:53:50.953,70.22398944000001,0.6,536870.4,0.0,0.9333333333333332,0.0,1.0
1970-01-16 22:53:51.253,64.37199032000001,0.55,0.0,0.0,0.9333333333333332,0.0,1.0
1970-01-16 22:53:51.553,74.12532218666666,0.6333333333333333,0.0,0.0,1.0,0.0,1.0
1970-01-16 22:53:51.853,85.82932042666667,0.7333333333333333,0.0,0.0,0.9333333333333332,0.0,1.0
1970-01-16 22:53:52.153,79.97732130666667,0.6833333333333332,0.0,0.0,1.0,0.06666666666666668,1.0
1970-01-16 22:53:52.453,74.12532218666666,0.6333333333333333,223696.0,0.0,0.9333333333333332,0.0,1.0
1970-01-16 22:53:52.753,72.17465581333335,0.6166666666666667,134217.6,0.0,1.6,0.06666666666666668,1.0666666666666669
1970-01-16 22:53:53.054,81.92798768,0.7,0.0,0.0,1.0666666666666669,0.0,1.0
1970-01-16 22:53:53.354,70.22398944000001,0.6,0.0,8.533333333333333,3.733333333333333,0.06666666666666668,1.0666666666666669
1970-01-16 22:53:53.654,78.02665493333333,0.6666666666666667,0.0,0.0,1.3333333333333333,0.0,0.9333333333333332
1970-01-16 22:53:53.954,66.32265669333334,0.5666666666666667,0.0,0.0,1.0,0.0,1.0
1970-01-16 22:53:54.254,64.37199032000001,0.55,0.0,0.0,0.9333333333333332,0.0,1.0
1970-01-16 22:53:54.554,64.37199032000001,0.55,0.0,0.0,1.0,0.0,1.0
1970-01-16 22:53:54.854,58.51999120000001,0.5,0.0,0.0,0.9333333333333332,0.0,1.0
1970-01-16 22:53:55.154,76.07598856,0.65,0.0,0.0,1.0,0.0,1.0
1970-01-16 22:53:55.454,83.87865405333334,0.7166666666666667,0.0,0.0,1.0,0.0,1.0
1970-01-16 22:53:55.754,78.02665493333333,0.6666666666666667,313174.4,0.0,0.9333333333333332,0.0,1.0
1970-01-16 22:53:56.054,66.32265669333334,0.5666666666666667,0.0,0.0,1.0,0.0,1.0
1970-01-16 22:53:56.354,62.42132394666667,0.5333333333333333,0.0,0.0,0.9333333333333332,0.0,1.0
1970-01-16 22:53:56.654,68.27332306666668,0.5833333333333334,0.0,0.0,1.0,0.0,1.0
1970-01-16 22:53:56.954,78.02665493333333,0.6666666666666667,0.0,0.0,1.2666666666666666,0.0,1.0
1970-01-16 22:53:57.254,85.82932042666667,0.7333333333333333,0.0,0.0,1.1333333333333333,0.0,1.0
1970-01-16 22:53:57.554,121.21998177142856,1.0357142857142856,143804.57142857142,140.71428571428572,23.5,0.0,1.4285714285714286
1970-01-16 22:53:57.854,91.68131954666669,0.7833333333333333,0.0,0.0,2.6666666666666665,0.0,1.0
1970-01-16 22:53:58.154,78.02665493333333,0.6666666666666667,134217.6,32.666666666666664,4.733333333333333,0.0,1.0
1970-01-16 22:53:58.454,68.27332306666668,0.5833333333333334,178956.8,0.0,1.6666666666666667,0.0,1.0
1970-01-16 22:53:58.754,85.82932042666667,0.7333333333333333,134217.6,0.0,1.0,0.0,1.0
1970-01-16 22:53:59.054,85.82932042666667,0.7333333333333333,0.0,0.0,1.4,0.0,1.0666666666666669
1970-01-16 22:53:59.354,78.02665493333333,0.6666666666666667,0.0,0.0,1.3333333333333333,0.0,1.0666666666666669
1970-01-16 22:53:59.654,70.22398944000001,0.6,0.0,0.0,0.9333333333333332,0.0,1.0
1970-01-16 22:53:59.954,74.12532218666666,0.6333333333333333,0.0,0.0,0.9333333333333332,0.0,1.0
1970-01-16 22:54:00.254,74.12532218666666,0.6333333333333333,0.0,0.0,1.0,0.0,1.0
1970-01-16 22:54:00.554,81.92798768,0.7,0.0,0.0,0.9333333333333332,0.0,1.0
1970-01-16 22:54:00.854,87.7799868,0.75,0.0,0.0,1.0,0.0,1.0
1970-01-16 22:54:01.154,83.87865405333334,0.7166666666666667,0.0,0.0,0.9333333333333332,0.0,1.0
1970-01-16 22:54:01.454,64.37199032000001,0.55,178956.8,0.0,1.1333333333333333,0.0,1.0
1970-01-16 22:54:01.754,81.92798768,0.7,178956.8,0.0,1.0,0.0,1.0
1970-01-16 22:54:02.054,79.97732130666667,0.6833333333333332,0.0,0.0,1.0,0.0,1.0
1970-01-16 22:54:02.354,76.07598856,0.65,0.0,0.0,1.0,0.0,1.0
1970-01-16 22:54:02.654,79.97732130666667,0.6833333333333332,0.0,0.0,1.0,0.0,1.0
1970-01-16 22:54:02.954,83.87865405333334,0.7166666666666667,0.0,0.0,1.0,0.0,1.0
1970-01-16 22:54:03.254,66.32265669333334,0.5666666666666667,0.0,0.0,1.0,0.0,1.0
1970-01-16 22:54:03.554,70.22398944000001,0.6,0.0,0.0,0.9333333333333332,0.0,1.0
1970-01-16 22:54:03.854,81.50998774285716,0.6964285714285714,0.0,0.0,1.0714285714285714,0.0,1.0
1970-01-16 22:54:04.154,79.97732130666667,0.6833333333333332,0.0,0.0,1.0,0.0,1.0
1970-01-16 22:54:04.454,85.68998711428574,0.7321428571428571,0.0,0.0,1.6428571428571428,0.0,1.0
1970-01-16 22:54:04.754,81.92798768,0.7,0.0,0.0,1.0,0.0,1.0
1970-01-16 22:54:05.054,58.51999120000001,0.5,0.0,0.0,1.0714285714285714,0.0,1.0
1970-01-16 22:54:05.354,66.32265669333334,0.5666666666666667,0.0,0.0,1.0,0.0,1.0
1970-01-16 22:54:05.654,75.2399886857143,0.6428571428571429,0.0,0.0,1.0714285714285714,0.0,1.0
1970-01-16 22:54:05.954,81.92798768,0.7,0.0,0.0,1.0,0.0,1.0
1970-01-16 22:54:06.254,72.17465581333335,0.6166666666666667,0.0,0.0,1.4666666666666666,0.0,1.0666666666666669
1970-01-16 22:54:06.554,234.07996480000003,2.0,47934.857142857145,2.7142857142857144,2.2857142857142856,487.1428571428572,4.928571428571429
1970-01-16 22:54:06.855,10123.9584776,86.5,4384442.666666667,5.866666666666666,7932.2,428.8,38.86666666666667
1970-01-16 22:54:07.155,10966.228350942856,93.69642857142857,5991861.142857143,6.2857142857142865,12511.714285714286,0.0,35.714285714285715
1970-01-16 22:54:07.455,10937.38635528,93.45,6800362.4,0.4666666666666667,15254.4,0.2,44.26666666666666
1970-01-16 22:54:07.755,10896.42236144,93.1,6442448.8,0.3333333333333333,17234.066666666666,0.0,55.0
1970-01-16 22:54:08.055,10711.109055973333,91.51666666666668,8053061.866666666,0.13333333333333333,15203.866666666667,1.0666666666666669,335.4
1970-01-16 22:54:08.355,1972.1237034400006,16.85,15882429.866666667,0.0,6504.0,1.2,119.0
1970-01-16 22:54:08.655,971.43185392,8.3,5816098.666666668,2.533333333333333,2.333333333333333,665.2,6.066666666666666
1970-01-16 22:54:08.955,10580.414408960003,90.4,4250225.866666666,5.2,8207.066666666668,352.4,37.86666666666667
1970-01-16 22:54:09.255,10956.893019013332,93.61666666666666,5145010.666666667,3.2,11676.066666666668,0.0,33.4
1970-01-16 22:54:09.555,10939.337021653333,93.46666666666664,5995056.8,0.4,15228.933333333332,0.06666666666666668,44.2
1970-01-16 22:54:09.855,10898.373027813332,93.11666666666666,6218753.066666666,0.4666666666666667,18057.466666666667,0.13333333333333333,55.06666666666667
1970-01-16 22:54:10.155,10633.08240104,90.85,8545193.6,0.13333333333333333,16493.4,3.333333333333333,776.4
1970-01-16 22:54:10.455,2000.1296992285716,17.089285714285708,19988852.285714287,0.0,5996.857142857143,1.3571428571428572,127.5
1970-01-16 22:54:10.755,83.87865405333334,0.7166666666666667,9976849.866666667,0.0,0.9333333333333332,0.0,1.0
1970-01-16 22:54:11.055,81.92798768,0.7,1342176.0,0.0,1.0,0.0,1.0
1970-01-16 22:54:11.355,87.7799868,0.75,0.0,0.0,1.2666666666666666,0.0,1.0
1970-01-16 22:54:11.655,87.7799868,0.75,0.0,0.0,1.0,0.0,1.0
1970-01-16 22:54:11.955,78.02665493333333,0.6666666666666667,0.0,0.0,1.0,0.0,1.0
1970-01-16 22:54:12.255,78.02665493333333,0.6666666666666667,0.0,0.0,1.2666666666666666,0.0,1.0
1970-01-16 22:54:12.555,72.17465581333335,0.6166666666666667,0.0,0.0,1.0,0.0,1.0
1970-01-16 22:54:12.855,85.82932042666667,0.7333333333333333,0.0,0.0,1.4,0.0,1.0666666666666669
1970-01-16 22:54:13.155,87.7799868,0.75,0.0,0.0,1.0,0.0,1.0
1970-01-16 22:54:13.455,87.7799868,0.75,0.0,0.0,1.0,0.0,1.0
1970-01-16 22:54:13.755,79.97732130666667,0.6833333333333332,313174.4,0.0,1.0,0.0,0.9333333333333332
1970-01-16 22:54:14.055,64.37199032000001,0.55,44739.2,0.0,0.9333333333333332,0.0,1.0
1970-01-16 22:54:14.355,70.22398944000001,0.6,0.0,0.0,1.0,0.0,1.0
1970-01-16 22:54:14.655,79.41998805714286,0.6785714285714286,335544.0,0.0,1.1428571428571428,0.0,1.0
1970-01-16 22:54:14.955,83.87865405333334,0.7166666666666667,178956.8,0.0,14.6,0.0,1.0
1970-01-16 22:54:15.255,81.92798768,0.7,0.0,0.0,0.9333333333333332,0.0,1.0
1970-01-16 22:54:15.555,70.22398944000001,0.6,0.0,0.0,1.0,0.0,1.0
1970-01-16 22:54:15.855,72.17465581333335,0.6166666666666667,0.0,0.0,0.9333333333333332,0.0,1.0
1970-01-16 22:54:16.155,74.12532218666666,0.6333333333333333,0.0,0.0,1.0,0.0,1.0
1970-01-16 22:54:16.456,83.87865405333334,0.7166666666666667,0.0,0.0,1.0,0.0,1.0
1970-01-16 22:54:16.756,83.59998742857144,0.7142857142857143,0.0,0.0,1.0,0.0,1.0
1970-01-16 22:54:17.056,87.7799868,0.75,0.0,0.0,1.6428571428571428,0.0,1.0714285714285714
1970-01-16 22:54:17.356,76.07598856,0.65,0.0,0.0,0.9333333333333332,0.0,1.0
1970-01-16 22:54:17.656,74.12532218666666,0.6333333333333333,0.0,0.0,0.9333333333333332,0.0,1.0
1970-01-16 22:54:17.956,68.27332306666668,0.5833333333333334,0.0,0.0,1.0,0.0,1.0
1970-01-16 22:54:18.256,76.07598856,0.65,0.0,0.0,0.9333333333333332,0.0,1.0
1970-01-16 22:54:18.556,81.92798768,0.7,0.0,0.0,1.0,0.0,1.0
1970-01-16 22:54:18.856,85.82932042666667,0.7333333333333333,0.0,0.0,1.6,0.0,1.0666666666666669
1970-01-16 22:54:19.156,76.07598856,0.65,0.0,0.0,1.0,0.0,1.0
1970-01-16 22:54:19.456,72.17465581333335,0.6166666666666667,0.0,0.0,1.0,0.0,1.0
1970-01-16 22:54:19.756,66.32265669333334,0.5666666666666667,0.0,0.0,0.9333333333333332,0.0,1.0
1970-01-16 22:54:20.056,81.92798768,0.7,0.0,0.0,1.0,0.0,1.0
1970-01-16 22:54:20.356,87.7799868,0.75,0.0,0.0,1.0,0.0,1.0
1970-01-16 22:54:20.656,2709.47559256,23.15,805305.6,2.533333333333333,3.533333333333333,873.2666666666668,20.33333333333333
1970-01-16 22:54:20.956,10937.38635528,93.45,4608140.0,5.8,9531.533333333333,10.4,22.73333333333333
1970-01-16 22:54:21.256,10956.893019013332,93.61666666666666,6084535.2,6.066666666666666,13669.666666666664,0.2,44.2
1970-01-16 22:54:21.556,10929.583689786667,93.38333333333334,6129274.4,0.3333333333333333,12430.066666666668,0.13333333333333333,33.4
1970-01-16 22:54:21.856,10882.767696826668,92.98333333333332,5323968.8,0.4,18617.933333333334,0.13333333333333333,65.8
1970-01-16 22:54:22.156,10668.19439576,91.15,6129274.133333334,0.06666666666666668,14459.2,3.4,765.5333333333333
1970-01-16 22:54:22.456,10110.303812986667,86.38333333333334,20759006.4,5.666666666666668,10466.333333333334,884.9333333333333,149.66666666666666
1970-01-16 22:54:22.756,10990.05434736,93.9,12661204.266666668,8.266666666666667,11880.333333333336,0.2,33.46666666666667
1970-01-16 22:54:23.056,10949.09035352,93.55,6621405.6,3.2666666666666666,15196.0,0.2,44.26666666666666
1970-01-16 22:54:23.356,10886.669029573337,93.01666666666668,5816100.0,0.4,16929.133333333335,0.2,55.0
1970-01-16 22:54:23.657,10779.38237904,92.1,6755623.2,0.2,16438.133333333335,0.26666666666666666,130.6
1970-01-16 22:54:23.957,9985.461165093333,85.31666666666666,18343087.2,2.6,11833.333333333336,884.4666666666667,795.6
1970-01-16 22:54:24.257,10970.547683626668,93.73333333333332,18656262.133333333,8.866666666666667,13233.933333333332,3.8,33.53333333333333
1970-01-16 22:54:24.557,10910.077026053332,93.21666666666664,7650408.8,3.933333333333333,13151.733333333335,0.13333333333333333,44.26666666666666
1970-01-16 22:54:24.857,10904.225026933333,93.16666666666666,5100272.0,0.4666666666666667,15030.666666666664,0.2,44.2
1970-01-16 22:54:25.157,10814.494373760002,92.4,5010793.866666666,0.26666666666666666,18638.933333333334,0.2,87.4
1970-01-16 22:54:25.457,10110.303812986667,86.38333333333334,11274286.933333335,2.533333333333333,13433.866666666667,877.8,860.2
1970-01-16 22:54:25.757,10960.794351760003,93.65,16866691.733333334,8.6,12492.533333333333,10.533333333333333,33.46666666666667
1970-01-16 22:54:26.057,10923.73169066667,93.33333333333334,7963582.666666668,3.2,11928.866666666667,0.13333333333333333,33.4
1970-01-16 22:54:26.357,10947.139687146668,93.53333333333336,5010794.133333334,0.3333333333333333,15210.333333333336,0.06666666666666668,44.2
1970-01-16 22:54:26.657,10886.669029573337,93.01666666666668,7068797.866666666,0.4,17774.933333333334,0.13333333333333333,65.8
1970-01-16 22:54:26.957,10004.967828826668,85.48333333333333,11363766.133333333,0.06666666666666668,18223.533333333333,4.266666666666667,872.4666666666667
1970-01-16 22:54:27.257,142.39864525333337,1.2166666666666668,20803746.4,0.0,1.0,0.0,1.0
1970-01-16 22:54:27.557,87.7799868,0.75,5905577.6,0.0,1.0,0.0,1.0
1970-01-16 22:54:27.857,87.7799868,0.75,805305.6,0.0,1.0,0.0,1.0
1970-01-16 22:54:28.157,83.87865405333334,0.7166666666666667,0.0,0.0,1.0,0.0,1.0
1970-01-16 22:54:28.457,72.17465581333335,0.6166666666666667,0.0,0.0,1.0,0.0,1.0
1970-01-16 22:54:28.757,87.7799868,0.75,0.0,0.0,1.0,0.0,1.0
1970-01-16 22:54:29.057,78.02665493333333,0.6666666666666667,0.0,0.0,1.0,0.0,1.0
1970-01-16 22:54:29.357,78.02665493333333,0.6666666666666667,0.0,0.0,1.0,0.06666666666666668,1.0666666666666669
1970-01-16 22:54:29.657,97.53331866666667,0.8333333333333333,134217.6,2.533333333333333,3.1333333333333333,71.86666666666666,4.333333333333333
1970-01-16 22:54:29.957,85.82932042666667,0.7333333333333333,402652.8,0.0,1.2666666666666666,0.0,1.0
1970-01-16 22:54:30.257,72.17465581333335,0.6166666666666667,0.0,0.0,1.0,0.0,1.0
1970-01-16 22:54:30.557,72.17465581333335,0.6166666666666667,0.0,0.0,1.0,0.0,1.0
1970-01-16 22:54:30.857,76.07598856,0.65,0.0,0.0,1.0,0.0,1.0
1970-01-16 22:54:31.157,79.97732130666667,0.6833333333333332,0.0,0.0,1.0,0.0,1.0
1970-01-16 22:54:31.457,81.92798768,0.7,0.0,0.0,1.0,0.0,1.0
1970-01-16 22:54:31.757,60.47065757333333,0.5166666666666666,0.0,0.0,1.0,0.0,1.0
1970-01-16 22:54:32.057,64.37199032000001,0.55,0.0,0.0,1.0,0.0,1.0
1970-01-16 22:54:32.357,76.07598856,0.65,0.0,0.0,1.0,0.0,1.0
1970-01-16 22:54:32.657,70.22398944000001,0.6,0.0,0.0,1.3333333333333333,0.0,1.0
1970-01-16 22:54:32.957,68.27332306666668,0.5833333333333334,0.0,0.0,1.0,0.0,1.0
1970-01-16 22:54:33.257,68.27332306666668,0.5833333333333334,134217.6,0.0,1.0,0.0,1.0
1970-01-16 22:54:33.557,79.97732130666667,0.6833333333333332,134217.6,0.0,1.0,0.0,1.0
1970-01-16 22:54:33.857,72.17465581333335,0.6166666666666667,0.0,0.0,1.0,0.0,1.0
1970-01-16 22:54:34.157,3893.6694144857142,33.26785714285714,0.0,2.9230769230769234,1.8461538461538465,642.0,6.384615384615384
1970-01-16 22:54:34.457,11454.312944213336,97.86666666666666,134217.6,0.0,0.8666666666666667,604.0,6.533333333333332
1970-01-16 22:54:34.757,2494.902291493333,21.316666666666666,223696.0,0.0,1.4666666666666666,14.2,19.466666666666665
1970-01-16 22:54:35.057,74.12532218666666,0.6333333333333333,0.0,0.0,1.0,0.0,1.0
1970-01-16 22:54:35.358,9150.575957306668,78.18333333333334,3444919.733333333,5.7333333333333325,4897.066666666667,883.6666666666665,31.6
1970-01-16 22:54:35.658,10935.435688906668,93.43333333333334,5279228.533333333,8.533333333333333,13777.066666666668,0.06666666666666668,44.26666666666666
1970-01-16 22:54:35.958,10921.781024293334,93.31666666666666,6218752.8,3.0,12801.933333333332,0.06666666666666668,33.46666666666667
1970-01-16 22:54:36.258,10912.027692426667,93.23333333333332,6352970.4,0.4,17736.333333333332,0.06666666666666668,55.0
1970-01-16 22:54:36.558,10759.875715306667,91.93333333333334,7426713.066666666,0.2,16529.133333333335,0.4,173.73333333333332
1970-01-16 22:54:36.858,3364.899494,28.75,15345558.666666664,0.0,9163.733333333334,4.133333333333334,732.4
1970-01-16 22:54:37.158,85.82932042666667,0.7333333333333333,6845101.866666666,0.0,1.0,0.0,1.0
1970-01-16 22:54:37.458,105.33598416,0.9,1163219.2,2.533333333333333,3.1333333333333333,71.8,4.266666666666667
1970-01-16 22:54:37.758,87.7799868,0.75,0.0,0.0,1.0,0.0,1.0
1970-01-16 22:54:38.058,87.7799868,0.75,0.0,0.0,1.0,0.0,1.0
1970-01-16 22:54:38.358,83.87865405333334,0.7166666666666667,0.0,0.0,1.0,0.0,1.0
1970-01-16 22:54:38.658,87.7799868,0.75,0.0,0.0,1.0,0.0,1.0
1970-01-16 22:54:38.958,81.92798768,0.7,0.0,0.0,1.0,0.0,1.0
1970-01-16 22:54:39.258,68.27332306666668,0.5833333333333334,0.0,0.0,1.0,0.0,1.0
1970-01-16 22:54:39.558,70.22398944000001,0.6,0.0,0.0,1.0,0.0,1.0
1970-01-16 22:54:39.858,83.87865405333334,0.7166666666666667,0.0,0.0,1.0,0.0,1.0
1970-01-16 22:54:40.158,79.97732130666667,0.6833333333333332,0.0,0.0,1.5333333333333334,0.0,1.0
1970-01-16 22:54:40.458,68.27332306666668,0.5833333333333334,0.0,0.0,1.0,0.0,1.0
1970-01-16 22:54:40.758,89.73065317333334,0.7666666666666667,268435.2,2.533333333333333,2.533333333333333,71.8,4.333333333333333
1970-01-16 22:54:41.058,66.32265669333334,0.5666666666666667,0.0,0.0,1.0,0.0,1.0
1970-01-16 22:54:41.358,76.07598856,0.65,0.0,0.0,1.0,0.0,1.0
1970-01-16 22:54:41.658,87.7799868,0.75,0.0,0.0,1.0,0.0,1.0
1970-01-16 22:54:41.958,74.12532218666666,0.6333333333333333,0.0,0.0,1.0,0.0,1.0
1970-01-16 22:54:42.258,76.07598856,0.65,0.0,0.0,1.2666666666666666,0.0,1.0666666666666669
1970-01-16 22:54:42.558,81.92798768,0.7,0.0,0.0,1.9333333333333331,0.0,1.0666666666666669
1970-01-16 22:54:42.858,83.87865405333334,0.7166666666666667,0.0,0.0,1.0,0.0,1.0
1970-01-16 22:54:43.158,79.97732130666667,0.6833333333333332,0.0,0.0,1.0,0.0,1.0
1970-01-16 22:54:43.459,78.02665493333333,0.6666666666666667,0.0,0.0,1.0,0.0,1.0
1970-01-16 22:54:43.759,76.07598856,0.65,0.0,0.0,1.0,0.0,1.0
1970-01-16 22:54:44.059,68.27332306666668,0.5833333333333334,0.0,0.0,1.0,0.0,1.0
1970-01-16 22:54:44.359,74.12532218666666,0.6333333333333333,0.0,0.0,1.1333333333333333,0.0,1.0
1970-01-16 22:54:44.659,74.12532218666666,0.6333333333333333,44739.2,0.0,1.0,0.0,1.0
1970-01-16 22:54:44.959,81.92798768,0.7,223696.0,0.0,1.0,0.0,1.0
1970-01-16 22:54:45.259,85.82932042666667,0.7333333333333333,0.0,0.0,1.0,0.0,1.0
1970-01-16 22:54:45.559,83.87865405333334,0.7166666666666667,0.0,0.0,1.0,0.0,1.0
1970-01-16 22:54:45.859,66.32265669333334,0.5666666666666667,0.0,0.0,1.0,0.0,1.0
1970-01-16 22:54:46.159,70.22398944000001,0.6,0.0,0.0,1.0,0.0,1.0
1970-01-16 22:54:46.459,76.07598856,0.65,0.0,0.0,1.0,0.0,1.0
1970-01-16 22:54:46.759,150.20131074666668,1.2833333333333334,671088.0,131.33333333333334,21.86666666666667,0.0,1.4666666666666666
1970-01-16 22:54:47.059,78.02665493333333,0.6666666666666667,0.0,0.0,4.333333333333333,0.0,1.0
1970-01-16 22:54:47.359,83.87865405333334,0.7166666666666667,0.0,32.666666666666664,4.4,0.0,1.0
1970-01-16 22:54:47.659,78.02665493333333,0.6666666666666667,0.0,0.0,1.0,0.0,1.0
1970-01-16 22:54:47.959,74.12532218666666,0.6333333333333333,0.0,0.0,1.0,0.0,1.0
1970-01-16 22:54:48.259,68.27332306666668,0.5833333333333334,0.0,0.0,1.4,0.0,1.0666666666666669
1970-01-16 22:54:48.559,81.92798768,0.7,0.0,0.0,1.2666666666666666,0.0,1.0
1970-01-16 22:54:48.859,76.07598856,0.65,0.0,0.0,1.0,0.0,1.0
1970-01-16 22:54:49.159,78.02665493333333,0.6666666666666667,0.0,0.0,1.6666666666666667,0.0,1.0
1970-01-16 22:54:49.459,62.42132394666667,0.5333333333333333,0.0,0.0,1.0,0.0,1.0
1970-01-16 22:54:49.759,72.17465581333335,0.6166666666666667,0.0,0.0,1.0,0.0,1.0
1970-01-16 22:54:50.059,81.92798768,0.7,0.0,0.0,1.0,0.0,1.0
1970-01-16 22:54:50.359,78.02665493333333,0.6666666666666667,0.0,0.0,1.0,0.0,1.0
1970-01-16 22:54:50.659,76.07598856,0.65,0.0,0.0,1.0,0.0,1.0
1970-01-16 22:54:50.959,74.12532218666666,0.6333333333333333,0.0,0.0,1.0,0.0,1.0
1970-01-16 22:54:51.259,58.51999120000001,0.5,0.0,0.0,1.0,0.0,1.0
1970-01-16 22:54:51.559,76.07598856,0.65,0.0,0.0,1.0,0.0,1.0
1970-01-16 22:54:51.859,78.02665493333333,0.6666666666666667,268435.2,0.0,1.0,0.0,1.0
1970-01-16 22:54:52.159,81.92798768,0.7,89478.4,0.0,1.0,0.0,1.0
1970-01-16 22:54:52.459,74.12532218666666,0.6333333333333333,0.0,0.0,1.0666666666666669,0.0,1.0
1970-01-16 22:54:52.759,83.87865405333334,0.7166666666666667,0.0,0.0,1.0,0.0,1.0
1970-01-16 22:54:53.059,64.37199032000001,0.55,134217.6,0.0,1.6666666666666667,0.0,1.0
1970-01-16 22:54:53.360,68.27332306666668,0.5833333333333334,134217.6,0.0,1.0,0.0,1.0
1970-01-16 22:54:53.660,79.97732130666667,0.6833333333333332,0.0,0.0,1.0,0.0,1.0
1970-01-16 22:54:53.960,81.92798768,0.7,0.0,0.0,1.0,0.0,1.0
1970-01-16 22:54:54.260,79.97732130666667,0.6833333333333332,0.0,8.466666666666667,3.933333333333333,0.0,1.0666666666666669
1970-01-16 22:54:54.560,79.97732130666667,0.6833333333333332,0.0,0.0,1.7333333333333334,0.0,1.0
1970-01-16 22:54:54.860,79.97732130666667,0.6833333333333332,0.0,0.0,1.0,0.0,1.0
1970-01-16 22:54:55.160,74.12532218666666,0.6333333333333333,0.0,0.0,1.6666666666666667,0.0,1.0666666666666669
1970-01-16 22:54:55.460,79.97732130666667,0.6833333333333332,0.0,0.0,1.0,0.0,1.0
1970-01-16 22:54:55.760,83.87865405333334,0.7166666666666667,0.0,0.0,1.0,0.0,1.0
1970-01-16 22:54:56.060,126.79331426666668,1.0833333333333333,0.0,131.33333333333334,14.733333333333333,0.0,1.0
1970-01-16 22:54:56.360,78.02665493333333,0.6666666666666667,134217.6,0.0,1.4,0.0,1.0
1970-01-16 22:54:56.660,81.92798768,0.7,134217.6,32.666666666666664,3.6,0.0,1.0
1970-01-16 22:54:56.960,74.12532218666666,0.6333333333333333,0.0,0.0,1.0,0.0,1.0
1970-01-16 22:54:57.260,76.07598856,0.65,0.0,0.0,1.0,0.0,1.0
1970-01-16 22:54:57.560,81.92798768,0.7,0.0,0.0,1.0,0.0,1.0
1970-01-16 22:54:57.860,74.12532218666666,0.6333333333333333,0.0,0.0,1.0,0.0,1.0
1970-01-16 22:54:58.160,76.07598856,0.65,0.0,0.0,1.0,0.0,1.0
1970-01-16 22:54:58.460,74.12532218666666,0.6333333333333333,0.0,0.0,1.0,0.0,1.0
1970-01-16 22:54:58.760,66.32265669333334,0.5666666666666667,0.0,0.0,1.0,0.0,1.0
1970-01-16 22:54:59.060,83.87865405333334,0.7166666666666667,134217.6,0.0,1.0,0.0,1.0
1970-01-16 22:54:59.360,87.7799868,0.75,134217.6,0.0,1.0,0.0,1.0
1970-01-16 22:54:59.660,78.02665493333333,0.6666666666666667,0.0,0.0,1.0,0.0,1.0
1970-01-16 22:54:59.960,76.07598856,0.65,0.0,0.0,1.0,0.0,1.0