date,Confirmed,Death,Tested,Vaccination
2021-02-04,1998594.0,54936.0,7298753.0,28104448.0
2021-02-05,2297439.0,73007.0,6621060.0,26667375.0
2021-02-06,1830150.0,49930.0,5794823.0,19117046.0
2021-02-07,1479808.0,32587.0,4555147.0,11336979.0
2021-02-08,1446400.0,41270.0,5233576.0,21792189.0
2021-02-09,1723131.0,62729.0,6506093.0,24841118.0
2021-02-10,1879876.0,58982.0,6432980.0,25887280.0
2021-02-11,1889993.0,58853.0,6612114.0,26685392.0
2021-02-12,1824623.0,54758.0,6403260.0,29417744.0
2021-02-13,1607596.0,44920.0,5424017.0,18119898.0
2021-02-14,1300497.0,29747.0,4388775.0,11303965.0
2021-02-15,1192473.0,33433.0,4996819.0,19053737.0
2021-02-16,1529675.0,47546.0,5967460.0,23997474.0
2021-02-17,1655845.0,48278.0,6383888.0,27420389.0
2021-02-18,1759460.0,50649.0,6464726.0,29945959.0
2021-02-19,1755084.0,49528.0,6635760.0,26974070.0
2021-02-20,1597806.0,38308.0,6120858.0,18048070.0
2021-02-21,1362192.0,28296.0,4732733.0,11306849.0
2021-02-22,1251263.0,30785.0,5485202.0,19970572.0
2021-02-23,1673007.0,48811.0,6592751.0,25935296.0
2021-02-24,1912903.0,52446.0,6718226.0,30268320.0
2021-02-25,1944392.0,46355.0,7062552.0,34305950.0
2021-02-26,1897670.0,44826.0,6999082.0,33122756.0
2021-02-27,1701224.0,36779.0,6328765.0,23617672.0
2021-02-28,1324147.0,27198.0,4814546.0,12540210.0
2021-03-01,1295360.0,31871.0,5647668.0,26182117.0
2021-03-02,1657943.0,43554.0,8887536.0,32573786.0
2021-03-03,1905383.0,49048.0,7260599.0,38260839.0
2021-03-04,1972754.0,44022.0,7457087.0,42983421.0
2021-03-05,1935504.0,44898.0,7522818.0,41173656.0
2021-03-06,1778138.0,34853.0,6306172.0,31535569.0
2021-03-07,1601655.0,25510.0,5143774.0,15265471.0
2021-03-08,1292224.0,30612.0,5852462.0,35258154.0
2021-03-09,1777826.0,44617.0,6700371.0,38931443.0
2021-03-10,1984497.0,43235.0,7652466.0,43782555.0
2021-03-11,2117682.0,43293.0,7815720.0,41809868.0
2021-03-12,2106656.0,41755.0,7947733.0,47182521.0
2021-03-13,1970922.0,36336.0,6166411.0,35473871.0
2021-03-14,1580186.0,25174.0,5082806.0,17430632.0
2021-03-15,1502908.0,31851.0,6740325.0,45446225.0
2021-03-16,2005834.0,45120.0,7747118.0,46843734.0
2021-03-17,2355234.0,45010.0,8417406.0,49663399.0
2021-03-18,2367771.0,45184.0,8190743.0,50053670.0
2021-03-19,2422201.0,45650.0,7675545.0,54079927.0
2021-03-20,2149070.0,37127.0,6473014.0,41990225.0
2021-03-21,1904534.0,35646.0,5330571.0,27253463.0
2021-03-22,1809539.0,34158.0,6206344.0,50544045.0
2021-03-23,2152154.0,48942.0,7614686.0,54848579.0
2021-03-24,2729389.0,45065.0,8646156.0,63926530.0
2021-03-25,2816290.0,49295.0,8661586.0,75760220.0
2021-03-26,2757726.0,54632.0,11127931.0,81215918.0
2021-03-27,2513505.0,42896.0,7043345.0,59607332.0
2021-03-28,2117919.0,30564.0,6832192.0,37633043.0
2021-03-29,1937279.0,36622.0,7129635.0,54954949.0
2021-03-30,2400396.0,50458.0,7942950.0,65478422.0
2021-03-31,2903939.0,54673.0,8944946.0,78587058.0
2021-04-01,3044958.0,51948.0,8749744.0,92900664.0
2021-04-02,2755687.0,45214.0,7508212.0,80693554.0
2021-04-03,2285918.0,39667.0,7194781.0,51286439.0
2021-04-04,2409384.0,31293.0,5796101.0,40421093.0
2021-04-05,2067760.0,34629.0,5809581.0,59952848.0
2021-04-06,2519790.0,51728.0,8180134.0,73447846.0
2021-04-07,2755760.0,64907.0,9121448.0,81450626.0
2021-04-08,3575828.0,60527.0,8816987.0,99199571.0
2021-04-09,3150270.0,60826.0,8555644.0,93857195.0
2021-04-10,2798126.0,54471.0,7404856.0,64786636.0
2021-04-11,3046908.0,38133.0,6816324.0,45429971.0
2021-04-12,2550267.0,41739.0,7416012.0,75640370.0
2021-04-13,3195088.0,58200.0,8477483.0,74595215.0
2021-04-14,3413081.0,59496.0,8840264.0,78811115.0
2021-04-15,3452776.0,57468.0,8291170.0,79597570.0
2021-04-16,3595522.0,56212.0,8109936.0,77464851.0
2021-04-17,3306407.0,52604.0,7159549.0,55563196.0
2021-04-18,2904074.0,37947.0,6962378.0,36167117.0
2021-04-19,2844129.0,46604.0,7585020.0,62932874.0
2021-04-20,3487146.0,59907.0,8545798.0,66515919.0
2021-04-21,3712308.0,61945.0,9320217.0,76197576.0
2021-04-22,3747062.0,58219.0,9263055.0,93913934.0
2021-04-23,3773128.0,63618.0,8737455.0,80921043.0
2021-04-24,3411664.0,54632.0,7772860.0,59102749.0
2021-04-25,3002287.0,44417.0,7148566.0,45957272.0
2021-04-26,2826617.0,48251.0,7516791.0,74380309.0
2021-04-27,3469023.0,62529.0,8868174.0,87999335.0
2021-04-28,3721985.0,66292.0,8961037.0,101656607.0
2021-04-29,3700427.0,65256.0,9154505.0,105672412.0
2021-04-30,3678396.0,59844.0,8460197.0,109449148.0
2021-05-01,3272195.0,53863.0,6993849.0,58832356.0
2021-05-02,2812430.0,42269.0,8571227.0,43579826.0
2021-05-03,2819627.0,48113.0,7345235.0,64538953.0
2021-05-04,3226840.0,57966.0,8305924.0,76830030.0
2021-05-05,3469380.0,61802.0,8709607.0,87938281.0
2021-05-06,3599137.0,60283.0,9194821.0,104630305.0
2021-05-07,3436395.0,59771.0,8481527.0,108149930.0
2021-05-08,3230553.0,54893.0,6901608.0,83427676.0
2021-05-09,2650653.0,42855.0,6855002.0,52752485.0
2021-05-10,2551068.0,45576.0,7275003.0,87720614.0
2021-05-11,2981422.0,58568.0,7687202.0,101411570.0
2021-05-12,3156116.0,58269.0,7847735.0,113562680.0
2021-05-13,3015955.0,55207.0,7171177.0,108259819.0
2021-05-14,2902538.0,53494.0,7776041.0,111132230.0
2021-05-15,2578134.0,50231.0,6610152.0,97057782.0
2021-05-16,2230113.0,41805.0,4397107.0,84546410.0
2021-05-17,2212151.0,46167.0,5809619.0,110639477.0
2021-05-18,2547179.0,57698.0,9966958.0,118439559.0
2021-05-19,2757598.0,55191.0,9115147.0,120043489.0
2021-05-20,2572347.0,53898.0,8898598.0,137727612.0
2021-05-21,2558726.0,53000.0,8619335.0,132685711.0
2021-05-22,2330100.0,46636.0,7332574.0,104527023.0
2021-05-23,1958544.0,39969.0,6842655.0,87011069.0
2021-05-24,1831918.0,37143.0,7071235.0,117340016.0
2021-05-25,2166310.0,52945.0,8400767.0,137513154.0
2021-05-26,2315734.0,52338.0,8903189.0,152324875.0
2021-05-27,2235050.0,52739.0,9353914.0,142290089.0
2021-05-28,2064924.0,48877.0,8298494.0,141735611.0
2021-05-29,1954973.0,43893.0,7043549.0,128887135.0
2021-05-30,1584400.0,33957.0,6187253.0,107375424.0
2021-05-31,1570199.0,35276.0,6555804.0,139953015.0
2021-06-01,1870173.0,44491.0,7633114.0,154780827.0
2021-06-02,1977066.0,48434.0,10150182.0,169951774.0
2021-06-03,1969261.0,41373.0,10401888.0,148067442.0
2021-06-04,1728130.0,43343.0,9747985.0,167138866.0
2021-06-05,1606735.0,38181.0,9112705.0,129688568.0
2021-06-06,1308523.0,29582.0,8094193.0,100476097.0
2021-06-07,1305612.0,32682.0,7134174.0,130991307.0
2021-06-08,1504005.0,43554.0,7630909.0,142151351.0
2021-06-09,1698649.0,41446.0,8156575.0,149864650.0
2021-06-10,1845990.0,35155.0,8231027.0,165449495.0
2021-06-11,1707453.0,47552.0,7823854.0,155038901.0
2021-06-12,1487133.0,39696.0,6862120.0,120371903.0
2021-06-13,1221300.0,37239.0,6511615.0,104149335.0
2021-06-14,1251544.0,32230.0,6764581.0,116951448.0
2021-06-15,1514235.0,43542.0,7213482.0,162105934.0
2021-06-16,1572477.0,40857.0,7857312.0,173872179.0
2021-06-17,1598254.0,37676.0,9963075.0,187314233.0
2021-06-18,1628067.0,37207.0,7903595.0,181566460.0
2021-06-19,1397908.0,32574.0,6916790.0,150727203.0
2021-06-20,1227278.0,27684.0,6262733.0,127177167.0
2021-06-21,1198329.0,28189.0,6681000.0,174483826.0
2021-06-22,1655833.0,36339.0,7740338.0,184778068.0
2021-06-23,1601255.0,37794.0,7973573.0,181745186.0
2021-06-24,1650427.0,35024.0,7905007.0,198573078.0
2021-06-25,1683981.0,37342.0,7869165.0,188943994.0
2021-06-26,1459183.0,30606.0,7168309.0,170932685.0
2021-06-27,1251476.0,24529.0,7100435.0,137025486.0
2021-06-28,1347529.0,26452.0,7714841.0,158878210.0
2021-06-29,1543300.0,33200.0,7596467.0,173654738.0
2021-06-30,1616635.0,37232.0,8211858.0,161887132.0
2021-07-01,1767436.0,34431.0,9031262.0,173408021.0
2021-07-02,1793679.0,33777.0,8353019.0,149719475.0
2021-07-03,1506390.0,27722.0,7381361.0,136739525.0
2021-07-04,1320418.0,26609.0,6887315.0,91614948.0
2021-07-05,1555638.0,29805.0,6765390.0,128217690.0
2021-07-06,1833304.0,34128.0,7478726.0,141015764.0
2021-07-07,1900420.0,34472.0,8206956.0,135905017.0
2021-07-08,1968751.0,35929.0,8484347.0,166808694.0
2021-07-09,2101797.0,33844.0,8409500.0,128399176.0
2021-07-10,1708156.0,29091.0,7820413.0,98546070.0
2021-07-11,1499918.0,30561.0,6775247.0,82379823.0
2021-07-12,1792730.0,32713.0,7275955.0,115609947.0
2021-07-13,2178338.0,33711.0,8138725.0,143530208.0
2021-07-14,2208222.0,34506.0,8382089.0,152206522.0
2021-07-15,2372498.0,34688.0,9463092.0,146764634.0
2021-07-16,2453205.0,35168.0,9001956.0,138876026.0
2021-07-17,1990213.0,30096.0,7932034.0,117019645.0
2021-07-18,1712709.0,26451.0,6517657.0,85929218.0
2021-07-19,2046794.0,29017.0,6996697.0,113171939.0
2021-07-20,2200400.0,47825.0,7746115.0,128686082.0
2021-07-21,2301433.0,34796.0,7801460.0,134859461.0
2021-07-22,2340323.0,35274.0,7986568.0,160309240.0
2021-07-23,2987433.0,33480.0,8163632.0,159437413.0
2021-07-24,2012286.0,34740.0,6910248.0,130553881.0
2021-07-25,1814071.0,29568.0,6103200.0,100726302.0
2021-07-26,2252648.0,34207.0,6735329.0,157342648.0
2021-07-27,2502435.0,39366.0,7875520.0,171899323.0
2021-07-28,2683042.0,40713.0,8239053.0,178462330.0
2021-07-29,2650144.0,41225.0,8416501.0,186920946.0
2021-07-30,3004463.0,38634.0,8994437.0,181990906.0
2021-07-31,2112595.0,35509.0,7505468.0,147663762.0
2021-08-01,1967879.0,29739.0,6118251.0,129587284.0
2021-08-02,2371276.0,32903.0,7122320.0,163072001.0
2021-08-03,2605933.0,41715.0,7886043.0,189004073.0
2021-08-04,2801637.0,42236.0,8261920.0,169128435.0
2021-08-05,2818864.0,44236.0,8474770.0,164834236.0
2021-08-06,3351870.0,42165.0,8539627.0,167419903.0
2021-08-07,2292111.0,34837.0,7830865.0,136334528.0
2021-08-08,1908803.0,30080.0,6477058.0,116776936.0
2021-08-09,2549621.0,35657.0,7924799.0,140300067.0
2021-08-10,2655070.0,46384.0,8358748.0,160142719.0
2021-08-11,3004859.0,42400.0,8844052.0,155519336.0
2021-08-12,2902552.0,42337.0,9861576.0,155881598.0
2021-08-13,3282340.0,42192.0,9570184.0,159677337.0
2021-08-14,2259525.0,35125.0,8502271.0,132981041.0
2021-08-15,1906394.0,29892.0,6422744.0,88814109.0
2021-08-16,2727491.0,39828.0,7473537.0,134604217.0
2021-08-17,2799734.0,43279.0,8704144.0,158092233.0
2021-08-18,3021071.0,43749.0,9194875.0,157325065.0
2021-08-19,2920309.0,46226.0,9672243.0,151923284.0
2021-08-20,3213591.0,42357.0,9843011.0,149685508.0
2021-08-21,2283868.0,35932.0,8191464.0,126456475.0
2021-08-22,1828877.0,31346.0,6459196.0,107254364.0
2021-08-23,2807445.0,40758.0,7907851.0,139417660.0
2021-08-24,2778600.0,44692.0,9329052.0,165016512.0
2021-08-25,3027217.0,45793.0,9517655.0,172249836.0
2021-08-26,3016717.0,46875.0,10119314.0,170014133.0
2021-08-27,3056635.0,42118.0,9860713.0,194634842.0
2021-08-28,2289017.0,33983.0,8532675.0,159409083.0
2021-08-29,1820299.0,27496.0,6816007.0,124082798.0
2021-08-30,2757493.0,38835.0,8066675.0,143056921.0
2021-08-31,2526945.0,39063.0,9117678.0,150225852.0
2021-09-01,2959866.0,50208.0,9622180.0,183340208.0
2021-09-02,2780411.0,45584.0,8129760.0,140168249.0
2021-09-03,2959615.0,43429.0,8572522.0,129279824.0
2021-09-04,2023859.0,31386.0,8312184.0,99280401.0
2021-09-05,1817124.0,26518.0,7315974.0,98410926.0
2021-09-06,1970137.0,33219.0,8142492.0,105719092.0
2021-09-07,2682244.0,42539.0,9221339.0,149301517.0
2021-09-08,2607155.0,40937.0,9743347.0,156616852.0
2021-09-09,2628746.0,43539.0,10103501.0,149609170.0
2021-09-10,2692078.0,37250.0,10098473.0,127019728.0
2021-09-11,1906435.0,33771.0,8303203.0,136989307.0
2021-09-12,1515384.0,22889.0,7140199.0,97672536.0
2021-09-13,2367326.0,37256.0,8387716.0,130825267.0
2021-09-14,2255270.0,40433.0,9314966.0,102138072.0
2021-09-15,2320489.0,42320.0,10304840.0,127455167.0
2021-09-16,2414766.0,42624.0,10314631.0,131663474.0
2021-09-17,2546467.0,36763.0,10287642.0,120268122.0
2021-09-18,1630741.0,26282.0,8611995.0,151210832.0
2021-09-19,1479775.0,24627.0,7544029.0,96454744.0
2021-09-20,2172568.0,34313.0,8283816.0,95723742.0
2021-09-21,2003195.0,38160.0,9436430.0,110684793.0
2021-09-22,2193443.0,39514.0,9969620.0,112786956.0
2021-09-23,2244194.0,40093.0,10390678.0,129378415.0
2021-09-24,2248216.0,35406.0,9964065.0,132390058.0
2021-09-25,1530125.0,22182.0,8423219.0,90255104.0
2021-09-26,1450557.0,22426.0,7249982.0,76363781.0
2021-09-27,1981847.0,31809.0,7878605.0,132857490.0
2021-09-28,1855632.0,38269.0,8943732.0,105999399.0
2021-09-29,2024139.0,37898.0,9877253.0,138043128.0
2021-09-30,2021307.0,36120.0,9774242.0,118549800.0
2021-10-01,2144467.0,35166.0,9277394.0,103323404.0
2021-10-02,1443237.0,24168.0,7651088.0,92698085.0
2021-10-03,1266517.0,17822.0,6659079.0,68309706.0
2021-10-04,1842381.0,29685.0,7413203.0,83822418.0
2021-10-05,1747000.0,30343.0,8833839.0,107386564.0
2021-10-06,2094764.0,37398.0,9273830.0,100517634.0
2021-10-07,1913463.0,36609.0,9469490.0,96953579.0
2021-10-08,1965840.0,31980.0,8990836.0,112877405.0
2021-10-09,1406609.0,19825.0,7396752.0,95742009.0
2021-10-10,1300999.0,19426.0,6608031.0,83622746.0
2021-10-11,1613251.0,24618.0,7289160.0,75160210.0
2021-10-12,1817657.0,32890.0,8845827.0,101031458.0
2021-10-13,1897313.0,36572.0,9029552.0,96719906.0
2021-10-14,1897173.0,32898.0,9534147.0,95920145.0
2021-10-15,1907758.0,29728.0,8385525.0,95682613.0
2021-10-16,1420401.0,21976.0,6863833.0,73159714.0
2021-10-17,1295514.0,17980.0,5967231.0,72307372.0
2021-10-18,1789992.0,27351.0,6772035.0,90294425.0
2021-10-19,1807143.0,33145.0,9109619.0,118534475.0
2021-10-20,2007287.0,35760.0,9069829.0,124806900.0
2021-10-21,1949792.0,32041.0,9241021.0,100230774.0
2021-10-22,2078402.0,33655.0,8402644.0,114195023.0
2021-10-23,1556370.0,24396.0,6983685.0,84381645.0
2021-10-24,1295523.0,19186.0,6104659.0,86889376.0
2021-10-25,1920265.0,28686.0,7042042.0,82926589.0
2021-10-26,1808425.0,32281.0,8581264.0,118565331.0
2021-10-27,2184527.0,38027.0,8602424.0,115488049.0
2021-10-28,2062398.0,36963.0,8856185.0,119179454.0
2021-10-29,2102819.0,32557.0,8485994.0,137155368.0
2021-10-30,1588083.0,24894.0,6732649.0,145221342.0
2021-10-31,1464585.0,19310.0,6100215.0,84089179.0
2021-11-01,1949307.0,27145.0,6351106.0,91962551.0
2021-11-02,1711967.0,29691.0,8102797.0,99322524.0
2021-11-03,2261498.0,35473.0,9213460.0,126981803.0
2021-11-04,2237506.0,31922.0,8736565.0,126805354.0
2021-11-05,2260406.0,35846.0,8282814.0,115321913.0
2021-11-06,1746729.0,27666.0,7246475.0,103663333.0
2021-11-07,1452653.0,19166.0,6666120.0,99627952.0
2021-11-08,2292400.0,28796.0,7899778.0,118499824.0
2021-11-09,2021724.0,33732.0,10119946.0,134692808.0
2021-11-10,2505142.0,35008.0,10052612.0,146216202.0
2021-11-11,2279762.0,32381.0,10297142.0,135946283.0
2021-11-12,2597180.0,37418.0,8433954.0,147765344.0
2021-11-13,1703306.0,26349.0,7331358.0,126046526.0
2021-11-14,1501785.0,19720.0,6557073.0,87775214.0
2021-11-15,2655713.0,30254.0,7446952.0,102150308.0
2021-11-16,2221520.0,32371.0,9460671.0,121772214.0
2021-11-17,2713823.0,38840.0,9333924.0,136896736.0
2021-11-18,2743963.0,35023.0,9322288.0,126282866.0
2021-11-19,2700686.0,33728.0,9881678.0,124431102.0
2021-11-20,1916717.0,25354.0,7883984.0,134411145.0
2021-11-21,1654617.0,19262.0,6638035.0,86719482.0
2021-11-22,3161284.0,31945.0,7688704.0,116320913.0
2021-11-23,2521147.0,34102.0,9484223.0,134031483.0
2021-11-24,2930066.0,36476.0,9895626.0,146563005.0
2021-11-25,2688495.0,33538.0,9031065.0,125910197.0
2021-11-26,2763452.0,29549.0,8937805.0,158875625.0
2021-11-27,1850521.0,24705.0,7345214.0,107022650.0
2021-11-28,1713001.0,20502.0,6425780.0,124724198.0
2021-11-29,3306216.0,33824.0,8137641.0,128848461.0
2021-11-30,2655829.0,34393.0,10347586.0,154995781.0
2021-12-01,3116988.0,39303.0,10294010.0,167851614.0
2021-12-02,3142446.0,42813.0,10589798.0,161451304.0
2021-12-03,3237056.0,36633.0,11730148.0,144816164.0
2021-12-04,2076253.0,23444.0,8479011.0,152625969.0
2021-12-05,1829216.0,30383.0,7038507.0,99953659.0
2021-12-06,3107332.0,32137.0,8994886.0,118088581.0
2021-12-07,2837101.0,33250.0,11006363.0,140421293.0
2021-12-08,3143316.0,35696.0,10475576.0,138444477.0
2021-12-09,3097937.0,36624.0,10263836.0,155928143.0
2021-12-10,3054910.0,34404.0,10694829.0,140527164.0
2021-12-11,2037066.0,24552.0,8970014.0,175588818.0
2021-12-12,1848553.0,19200.0,7266136.0,103253470.0
2021-12-13,3062032.0,30068.0,8869649.0,125022676.0
2021-12-14,2800211.0,33510.0,10554249.0,169761130.0
2021-12-15,3255027.0,38529.0,11313255.0,162483506.0
2021-12-16,3257655.0,31721.0,12015000.0,154299550.0
2021-12-17,3350238.0,31413.0,11848040.0,176793797.0
2021-12-18,2302361.0,24145.0,10496453.0,155804172.0
2021-12-19,2080934.0,18176.0,8411448.0,108732121.0
2021-12-20,3522529.0,31391.0,9924209.0,166187194.0
2021-12-21,3312969.0,32128.0,12084820.0,175301843.0
2021-12-22,3983799.0,43832.0,13004014.0,152217916.0
2021-12-23,4411164.0,31170.0,13492422.0,160739106.0
2021-12-24,3669482.0,24131.0,12160244.0,133391002.0
2021-12-25,2991166.0,18501.0,8121122.0,126558567.0
2021-12-26,2400192.0,15905.0,6913264.0,85080662.0
2021-12-27,5840756.0,30050.0,9949304.0,129040459.0
2021-12-28,5880154.0,33033.0,14372956.0,168688174.0
2021-12-29,7460848.0,34167.0,12746348.0,181369161.0
2021-12-30,8544902.0,31818.0,13677134.0,140860084.0
2021-12-31,7387873.0,24649.0,13178677.0,136665819.0
2022-01-01,5332046.0,18138.0,8845862.0,76304191.0
2022-01-02,3868683.0,14165.0,8067125.0,70607966.0
2022-01-03,10034962.0,24511.0,12113739.0,122125895.0
2022-01-04,11423157.0,37703.0,15920713.0,138892697.0
2022-01-05,11342095.0,33317.0,15894016.0,148149586.0
2022-01-06,11497247.0,30250.0,15614258.0,146206103.0
2022-01-07,12826306.0,30458.0,14226899.0,166701996.0
2022-01-08,9262506.0,21825.0,13196974.0,96269718.0
2022-01-09,8640043.0,16821.0,11177538.0,108466534.0
2022-01-10,13843078.0,29403.0,14343944.0,124355045.0
2022-01-11,13232967.0,38739.0,15284537.0,165094282.0
2022-01-12,14928435.0,38533.0,16610100.0,138294738.0
2022-01-13,13750384.0,34891.0,13022284.0,142702820.0
2022-01-14,14381324.0,33867.0,12939335.0,109788221.0
2022-01-15,10460196.0,25799.0,12221602.0,121240315.0
2022-01-16,9360287.0,18802.0,10546120.0,103398701.0
2022-01-17,12042881.0,27985.0,12937728.0,128409067.0
2022-01-18,16365005.0,38777.0,15227913.0,95218807.0
2022-01-19,17677766.0,41635.0,16188243.0,161359634.0
2022-01-20,16334082.0,40714.0,16188778.0,124297731.0
2022-01-21,16582878.0,41629.0,16024393.0,121421338.0
2022-01-22,11531778.0,25186.0,12262057.0,99673574.0
2022-01-23,10293798.0,21363.0,10245372.0,73603011.0
2022-01-24,15760197.0,37570.0,13210986.0,89744066.0
2022-01-25,16140723.0,45212.0,14567138.0,112186407.0
2022-01-26,16520145.0,44952.0,15212939.0,110707523.0
2022-01-27,16298809.0,43134.0,15013525.0,104318977.0
2022-01-28,16098580.0,51371.0,13604683.0,106553094.0
2022-01-29,11173482.0,32737.0,11562996.0,81349872.0
2022-01-30,9452250.0,22981.0,9315531.0,73074016.0
2022-01-31,13439168.0,43866.0,12938302.0,82807806.0
2022-02-01,13854369.0,52291.0,14208465.0,80468638.0
2022-02-02,14086500.0,49971.0,14572069.0,85969833.0
2022-02-03,14041255.0,48708.0,14643076.0,83154245.0
2022-02-04,12893745.0,54668.0,12891282.0,90439676.0
2022-02-05,9153108.0,34184.0,10222650.0,81630127.0
2022-02-06,7626188.0,24771.0,8987709.0,61383684.0
2022-02-07,13338284.0,46973.0,10735210.0,74150156.0
2022-02-08,11441236.0,54035.0,11523878.0,107469953.0
2022-02-09,10593440.0,54794.0,11815948.0,119909124.0
2022-02-10,12456048.0,50194.0,11214847.0,93956295.0
2022-02-11,10604618.0,50359.0,10441547.0,127680659.0
2022-02-12,7406176.0,35945.0,8903943.0,83969678.0
2022-02-13,6011680.0,21899.0,7363979.0,78599429.0
2022-02-14,8996520.0,47541.0,8813564.0,85739901.0
2022-02-15,8123934.0,45018.0,10875668.0,95977698.0
2022-02-16,9858285.0,55414.0,10567721.0,96038167.0
2022-02-17,9007150.0,51272.0,9976001.0,111519508.0
2022-02-18,8603877.0,44927.0,9350290.0,103096832.0
2022-02-19,6279245.0,34660.0,8118395.0,96020525.0
2022-02-20,5058416.0,22119.0,6568621.0,58539751.0
2022-02-21,7533075.0,32246.0,7489034.0,80185481.0
2022-02-22,7190720.0,42811.0,10270171.0,87967447.0
2022-02-23,8293114.0,50237.0,9572435.0,88765688.0
2022-02-24,7776773.0,45207.0,9695916.0,98399978.0
2022-02-25,7172168.0,38067.0,8353311.0,96542694.0
2022-02-26,5371873.0,27175.0,7306911.0,78917588.0
2022-02-27,4418492.0,19491.0,6736877.0,57498661.0
2022-02-28,6968089.0,32212.0,7514390.0,84220600.0
2022-03-01,6915765.0,36161.0,9351759.0,57875620.0
2022-03-02,7154215.0,34547.0,9076358.0,74300932.0
2022-03-03,7659544.0,34408.0,8399790.0,70560005.0
2022-03-04,7643958.0,36618.0,7380601.0,73276559.0
2022-03-05,5463076.0,23517.0,7399775.0,64354297.0
2022-03-06,4691056.0,17348.0,5825988.0,43453840.0
2022-03-07,7630228.0,32118.0,6828948.0,60502316.0
2022-03-08,6737890.0,28973.0,8819702.0,61441651.0
2022-03-09,8722671.0,34753.0,8110715.0,67905183.0
2022-03-10,8185615.0,31473.0,7640740.0,70398405.0
2022-03-11,8161367.0,27550.0,7530655.0,68399526.0
2022-03-12,6570125.0,19575.0,6886035.0,53769387.0
2022-03-13,4826185.0,14619.0,5154562.0,41918718.0
2022-03-14,8726194.0,23547.0,6369204.0,56430668.0
2022-03-15,7887072.0,23994.0,7868616.0,60085323.0
2022-03-16,9660312.0,28933.0,8084008.0,63461886.0
2022-03-17,9039851.0,28194.0,7481023.0,61712566.0
2022-03-18,8320963.0,24469.0,6814420.0,56471241.0
2022-03-19,6288950.0,15984.0,5624740.0,46793098.0
2022-03-20,4126567.0,13659.0,4372693.0,42321806.0
2022-03-21,8273051.0,19871.0,6123256.0,55345679.0
2022-03-22,8656541.0,21789.0,7123719.0,69968810.0
2022-03-23,7953582.0,25106.0,7034099.0,72719100.0
2022-03-24,7910348.0,22449.0,6889742.0,65856124.0
2022-03-25,7820936.0,38273.0,6411955.0,56953051.0
2022-03-26,4846194.0,11802.0,5604551.0,59447890.0
2022-03-27,3690879.0,10886.0,4187627.0,45899403.0
2022-03-28,8051270.0,18235.0,5658896.0,79025554.0
2022-03-29,7769023.0,19928.0,6903949.0,80311857.0
2022-03-30,7052013.0,20952.0,6884114.0,80360655.0
2022-03-31,6979052.0,19432.0,6065520.0,62698534.0
2022-04-01,6330068.0,19477.0,6090345.0,45978980.0
2022-04-02,3791182.0,10837.0,4866034.0,38727722.0
2022-04-03,2999215.0,7940.0,3576358.0,33725246.0
2022-04-04,5432241.0,14602.0,5872629.0,36102020.0
2022-04-05,6064587.0,18027.0,5950235.0,47689696.0
2022-04-06,5414169.0,17596.0,5505940.0,46565285.0
2022-04-07,5680833.0,18507.0,5784277.0,47891153.0
2022-04-08,5220293.0,17110.0,5021827.0,47429787.0
2022-04-09,3242949.0,9836.0,4354140.0,39579530.0
2022-04-10,2458011.0,7400.0,3063732.0,29452345.0
2022-04-11,4324367.0,12536.0,4154681.0,38743858.0
2022-04-12,5011103.0,14098.0,5078153.0,42811504.0
2022-04-13,4747727.0,17281.0,4756262.0,38414452.0
2022-04-14,4347884.0,15559.0,40004361.0,39625706.0
2022-04-15,2912057.0,10476.0,3877328.0,30201528.0
2022-04-16,2437896.0,6819.0,3308309.0,28191730.0
2022-04-17,1799306.0,6406.0,2492561.0,23380090.0
2022-04-18,1892953.0,6526.0,2875671.0,33230925.0
2022-04-19,4553299.0,13181.0,4356410.0,47258742.0
2022-04-20,4348947.0,18340.0,4612856.0,38730218.0
2022-04-21,4181807.0,13720.0,4359384.0,46759761.0
2022-04-22,3753024.0,12026.0,3779999.0,43208301.0
2022-04-23,2103719.0,6806.0,2957364.0,35010490.0
2022-04-24,1601244.0,4866.0,2574876.0,27868802.0
2022-04-25,2817362.0,9351.0,3535443.0,35243143.0
2022-04-26,3478362.0,18339.0,5453446.0,41906560.0
2022-04-27,3077147.0,13489.0,4573555.0,50187408.0
2022-04-28,3389747.0,13226.0,4204383.0,43806728.0
2022-04-29,2905740.0,11081.0,4039712.0,46140281.0
2022-04-30,1552640.0,6155.0,3216592.0,30746721.0
2022-05-01,1345030.0,5050.0,2350202.0,24919893.0
2022-05-02,1960671.0,7666.0,2872781.0,21646385.0
2022-05-03,3014450.0,9785.0,3794612.0,26201237.0
2022-05-04,2753578.0,15636.0,3485464.0,24331978.0
2022-05-05,2677868.0,9922.0,3638239.0,27599578.0
2022-05-06,2786798.0,9349.0,3722220.0,32639590.0
2022-05-07,1470774.0,4894.0,3064545.0,27161879.0
2022-05-08,1206535.0,3566.0,2207081.0,22708634.0
2022-05-09,2960556.0,8353.0,3231920.0,25579677.0
2022-05-10,2815996.0,8710.0,4330716.0,30265510.0
2022-05-11,3006450.0,9549.0,4321606.0,36227662.0
2022-05-12,2855828.0,8763.0,3846635.0,33534983.0
2022-05-13,2550649.0,8364.0,3772150.0,30658617.0
2022-05-14,1865734.0,4085.0,3023915.0,25994002.0
2022-05-15,1580465.0,3232.0,1837565.0,21869165.0
2022-05-16,2494626.0,7004.0,3097592.0,25010688.0
2022-05-17,2686939.0,8144.0,4064390.0,29639128.0
2022-05-18,3288846.0,10075.0,3986869.0,32008201.0
2022-05-19,2568735.0,7572.0,3816316.0,32956914.0
2022-05-20,2649202.0,8396.0,3647659.0,32865395.0
2022-05-21,1577318.0,4839.0,2883720.0,26445704.0
2022-05-22,1351318.0,2810.0,2081964.0,22820227.0
2022-05-23,2202381.0,6716.0,2652093.0,24412967.0
2022-05-24,2577810.0,7166.0,3716136.0,27532030.0
2022-05-25,2735266.0,11064.0,3649107.0,27752640.0
2022-05-26,2135205.0,6535.0,3317944.0,27873116.0
2022-05-27,2466006.0,8554.0,3107625.0,34842858.0
2022-05-28,1408089.0,3531.0,2507216.0,24703195.0
2022-05-29,1142819.0,2526.0,1946448.0,18216410.0
2022-05-30,1432066.0,4756.0,2195515.0,20564279.0
2022-05-31,2685912.0,6544.0,2926831.0,27288752.0
2022-06-01,2978059.0,8604.0,3365112.0,28449829.0
2022-06-02,2278122.0,7243.0,3037616.0,21868326.0
2022-06-03,2333995.0,6704.0,2969565.0,24350017.0
2022-06-04,1066463.0,2849.0,2333996.0,32361885.0
2022-06-05,1093027.0,3300.0,1716131.0,30150949.0
2022-06-06,1768197.0,3976.0,1974185.0,35020724.0
2022-06-07,2657857.0,8698.0,2755541.0,43708909.0
2022-06-08,3053166.0,10765.0,2922910.0,35698520.0
2022-06-09,2433818.0,6631.0,2546845.0,36191621.0
2022-06-10,2408225.0,7256.0,2338534.0,30968785.0
2022-06-11,1164235.0,3816.0,2082004.0,26879496.0
2022-06-12,816724.0,2349.0,1622804.0,22521242.0
2022-06-13,2222031.0,6926.0,2936275.0,26367870.0
2022-06-14,3874745.0,8036.0,2631194.0,28991028.0
2022-06-15,3115738.0,8311.0,2792444.0,28519310.0
2022-06-16,2557415.0,6313.0,2414780.0,30266628.0
2022-06-17,2321453.0,5413.0,2367668.0,28828594.0
2022-06-18,958188.0,2648.0,1924397.0,25488354.0
2022-06-19,1115045.0,2750.0,1378638.0,17934695.0
2022-06-20,3332021.0,6515.0,1169862.0,31761344.0
2022-06-21,3645272.0,7426.0,1534743.0,37261502.0
2022-06-22,3530227.0,8459.0,1165688.0,39571900.0
2022-06-23,3463853.0,7626.0,432067.0,40112415.0
2022-06-24,3472260.0,7539.0,0.0,40331985.0
2022-06-25,1339573.0,3251.0,0.0,34582933.0
2022-06-26,1207359.0,2715.0,0.0,30209347.0
2022-06-27,3858665.0,6238.0,0.0,27771714.0
2022-06-28,4256395.0,8137.0,0.0,35455664.0
2022-06-29,4151054.0,7730.0,0.0,32773152.0
2022-06-30,4753480.0,6933.0,0.0,29635253.0
2022-07-01,4262157.0,7932.0,0.0,27649564.0
2022-07-02,1543317.0,3429.0,0.0,22674060.0
2022-07-03,1520476.0,3035.0,0.0,19246767.0
2022-07-04,3878382.0,5023.0,0.0,23674138.0
2022-07-05,5472927.0,9400.0,0.0,28523512.0
2022-07-06,5375284.0,9746.0,0.0,27857466.0
2022-07-07,4725085.0,11324.0,0.0,28433931.0
2022-07-08,4537934.0,10008.0,0.0,31214875.0
2022-07-09,2139893.0,4293.0,0.0,22693032.0
2022-07-10,1789789.0,3471.0,0.0,17706747.0
2022-07-11,4762472.0,7732.0,0.0,28130017.0
2022-07-12,5477836.0,10598.0,0.0,24409592.0
2022-07-13,6140609.0,10894.0,0.0,28196192.0
2022-07-14,4358464.0,8786.0,0.0,36560756.0
2022-07-15,4323984.0,9906.0,0.0,34438610.0
2022-07-16,2317181.0,4465.0,0.0,24400875.0
2022-07-17,1912471.0,4040.0,0.0,20960582.0
2022-07-18,5412768.0,9164.0,0.0,35676491.0
2022-07-19,7057227.0,13355.0,0.0,43850183.0
2022-07-20,6810707.0,12218.0,0.0,38378860.0
2022-07-21,4974168.0,10770.0,0.0,40426376.0
2022-07-22,4762133.0,12471.0,0.0,42202649.0
2022-07-23,2633538.0,5297.0,0.0,36143012.0
2022-07-24,2266285.0,4231.0,0.0,28156966.0
2022-07-25,4217152.0,8393.0,0.0,28332751.0
2022-07-26,5181676.0,12606.0,0.0,36172727.0
2022-07-27,6156313.0,14419.0,0.0,36007505.0
2022-07-28,4749961.0,11803.0,0.0,39889758.0
2022-07-29,5754473.0,13005.0,0.0,38899714.0
2022-07-30,2377925.0,4580.0,0.0,33737167.0
2022-07-31,2223849.0,3789.0,0.0,26008177.0
2022-08-01,3702168.0,10370.0,0.0,22281281.0
2022-08-02,5201119.0,12580.0,0.0,30505104.0
2022-08-03,4863035.0,13313.0,0.0,29170418.0
2022-08-04,4489417.0,13571.0,0.0,29345185.0
2022-08-05,3801820.0,12729.0,0.0,35300601.0
2022-08-06,4153280.0,7162.0,0.0,29228661.0
2022-08-07,2026722.0,3873.0,0.0,23804150.0
2022-08-08,3428992.0,9848.0,0.0,29131118.0
2022-08-09,4481012.0,15458.0,0.0,28991870.0
2022-08-10,4298729.0,11534.0,0.0,23181295.0
2022-08-11,4207481.0,13540.0,0.0,26428730.0
2022-08-12,3159913.0,12089.0,0.0,25604638.0
2022-08-13,2586973.0,6130.0,0.0,23058213.0
2022-08-14,1867917.0,4088.0,0.0,21210693.0
2022-08-15,3512531.0,9864.0,0.0,23112186.0
2022-08-16,4576879.0,14861.0,0.0,20058178.0
2022-08-17,4158790.0,13642.0,0.0,29229847.0
2022-08-18,3945194.0,12766.0,0.0,31990757.0
2022-08-19,3341871.0,11581.0,0.0,28647252.0
2022-08-20,2336955.0,4905.0,0.0,20591427.0
2022-08-21,1962422.0,6973.0,0.0,22485325.0
2022-08-22,2967245.0,6921.0,0.0,27619609.0
2022-08-23,3786309.0,12684.0,0.0,27762789.0
2022-08-24,3679039.0,13210.0,0.0,26341517.0
2022-08-25,3601665.0,12449.0,0.0,25124634.0
2022-08-26,2925217.0,10705.0,0.0,28128454.0
2022-08-27,1844163.0,4985.0,0.0,23210964.0
2022-08-28,1646258.0,4157.0,0.0,20204955.0
2022-08-29,2408270.0,8451.0,0.0,27466118.0
2022-08-30,3207394.0,10865.0,0.0,26290090.0
2022-08-31,3141573.0,14047.0,0.0,24226793.0
2022-09-01,2839277.0,10727.0,0.0,18137813.0
2022-09-02,2734107.0,11459.0,0.0,21480710.0
2022-09-03,1536433.0,4408.0,0.0,20994459.0
2022-09-04,1498635.0,4490.0,0.0,16613739.0
2022-09-05,1928781.0,6129.0,0.0,20998217.0
2022-09-06,2872307.0,9921.0,0.0,18466269.0
2022-09-07,2590796.0,9164.0,0.0,19561873.0
2022-09-08,2442305.0,9482.0,0.0,25862783.0
2022-09-09,2203407.0,9659.0,0.0,23934391.0
2022-09-10,1282872.0,3873.0,0.0,18493122.0
2022-09-11,1272198.0,3188.0,0.0,15533975.0
2022-09-12,2054611.0,6286.0,0.0,22086524.0
2022-09-13,2397660.0,8585.0,0.0,22701908.0
2022-09-14,3018540.0,10106.0,0.0,21594672.0
2022-09-15,2589367.0,10881.0,0.0,24973002.0
2022-09-16,1949856.0,8746.0,0.0,21105205.0
2022-09-17,1218709.0,3489.0,0.0,23109566.0
2022-09-18,1044315.0,2404.0,0.0,16524178.0
2022-09-19,1794813.0,5775.0,0.0,18436696.0
2022-09-20,2444491.0,7893.0,0.0,21761597.0
2022-09-21,2238086.0,8555.0,0.0,21147680.0
2022-09-22,2649617.0,9217.0,0.0,22988345.0
2022-09-23,2228134.0,7726.0,0.0,22000330.0
2022-09-24,1103358.0,3436.0,0.0,19872164.0
2022-09-25,920649.0,2054.0,0.0,17337423.0
2022-09-26,1857089.0,5776.0,0.0,23658688.0
2022-09-27,2707027.0,6922.0,0.0,23971517.0
2022-09-28,2434572.0,9754.0,0.0,25218587.0
2022-09-29,2804527.0,9539.0,0.0,28623286.0
2022-09-30,2126476.0,6295.0,0.0,32807163.0
2022-10-01,1022141.0,2776.0,0.0,20877401.0
2022-10-02,845917.0,2302.0,0.0,18142466.0
2022-10-03,1420766.0,5700.0,0.0,20254382.0
2022-10-04,2734064.0,6953.0,0.0,22885044.0
2022-10-05,2634665.0,9209.0,0.0,22289408.0
2022-10-06,2869275.0,8465.0,0.0,17375771.0
2022-10-07,2649320.0,7893.0,0.0,18605231.0
2022-10-08,944700.0,2961.0,0.0,14684709.0
2022-10-09,925298.0,2590.0,0.0,11104431.0
2022-10-10,2093478.0,5710.0,0.0,12915742.0
2022-10-11,3195537.0,8309.0,0.0,15299204.0
2022-10-12,2501824.0,8182.0,0.0,17444736.0
2022-10-13,2962199.0,9112.0,0.0,16726995.0
2022-10-14,2182086.0,7501.0,0.0,18067841.0
2022-10-15,931217.0,3247.0,0.0,16534890.0
2022-10-16,810671.0,2255.0,0.0,12545211.0
2022-10-17,2142333.0,7594.0,0.0,15802951.0
2022-10-18,2906532.0,8075.0,0.0,16917374.0
2022-10-19,2386162.0,9691.0,0.0,17011910.0
2022-10-20,2638777.0,9597.0,0.0,17252001.0
2022-10-21,1952423.0,8706.0,0.0,17319905.0
2022-10-22,766454.0,2609.0,0.0,15466019.0
2022-10-23,670342.0,2440.0,0.0,11115086.0
2022-10-24,1743844.0,6190.0,0.0,15178025.0
2022-10-25,2691944.0,9584.0,0.0,16312128.0
2022-10-26,2078218.0,10696.0,0.0,17049094.0
2022-10-27,2091667.0,9216.0,0.0,18607746.0
2022-10-28,1614987.0,6590.0,0.0,18521785.0
2022-10-29,832615.0,2808.0,0.0,13506141.0
2022-10-30,677739.0,2451.0,0.0,12024805.0
2022-10-31,1300069.0,5279.0,0.0,13766618.0
2022-11-01,1726980.0,11631.0,0.0,15568585.0
2022-11-02,1468289.0,6689.0,0.0,14629590.0
2022-11-03,2127258.0,10107.0,0.0,14463119.0
2022-11-04,2009797.0,8822.0,0.0,15964037.0
2022-11-05,814555.0,2518.0,0.0,13140937.0
2022-11-06,756063.0,2261.0,0.0,9178201.0
2022-11-07,1325639.0,5114.0,0.0,11837540.0
2022-11-08,1980165.0,5668.0,0.0,12745876.0
2022-11-09,1838279.0,9040.0,0.0,16485396.0
2022-11-10,1934828.0,8958.0,0.0,14112788.0
2022-11-11,2193502.0,7848.0,0.0,14255831.0
2022-11-12,990807.0,2153.0,0.0,12195486.0
2022-11-13,737859.0,2038.0,0.0,8978089.0
2022-11-14,1495025.0,5829.0,0.0,12167403.0
2022-11-15,2181236.0,6528.0,0.0,14840703.0
2022-11-16,2033623.0,9688.0,0.0,14473459.0
2022-11-17,2014433.0,8825.0,0.0,13765128.0
2022-11-18,2835287.0,10647.0,0.0,15096941.0
2022-11-19,996068.0,2009.0,0.0,13042659.0
2022-11-20,893983.0,2368.0,0.0,11755045.0
2022-11-21,1465722.0,4936.0,0.0,15232681.0
2022-11-22,2473475.0,8305.0,0.0,16286801.0
2022-11-23,2462491.0,8792.0,0.0,14235899.0
2022-11-24,1796997.0,6074.0,0.0,15176128.0
2022-11-25,3142080.0,10138.0,0.0,16743937.0
2022-11-26,1090363.0,2068.0,0.0,15472153.0
2022-11-27,1058223.0,2366.0,0.0,11337909.0
2022-11-28,1754737.0,5022.0,0.0,14153686.0
2022-11-29,3144158.0,6869.0,0.0,15046067.0
2022-11-30,2275501.0,6895.0,0.0,20486772.0
2022-12-01,2959008.0,10124.0,0.0,24751269.0
2022-12-02,3404422.0,10591.0,0.0,25318320.0
2022-12-03,1207922.0,2464.0,0.0,28112032.0
2022-12-04,1029742.0,2560.0,0.0,28725078.0
2022-12-05,2172078.0,5859.0,0.0,12460237.0
2022-12-06,2712213.0,7526.0,0.0,13834390.0
2022-12-07,2682207.0,9086.0,0.0,14687883.0
2022-12-08,3390643.0,12595.0,0.0,14886870.0
2022-12-09,3037969.0,10036.0,0.0,17438335.0
2022-12-10,1106914.0,2460.0,0.0,15794517.0
2022-12-11,1203195.0,2654.0,0.0,11918490.0
2022-12-12,2460604.0,7148.0,0.0,15990909.0
2022-12-13,3332041.0,8397.0,0.0,17525459.0
2022-12-14,2921083.0,10310.0,0.0,17296840.0
2022-12-15,3147703.0,11988.0,0.0,16289189.0
2022-12-16,3232811.0,12084.0,0.0,23547329.0
2022-12-17,1211313.0,3271.0,0.0,13715552.0
2022-12-18,1140157.0,3156.0,0.0,17840071.0
2022-12-19,2488865.0,7771.0,0.0,12113134.0
2022-12-20,3034204.0,9508.0,0.0,20859416.0
2022-12-21,3010757.0,10740.0,0.0,22978033.0
2022-12-22,3171052.0,11452.0,0.0,17166709.0
