time,value,value_trend
2021-05-10T01:00:00.000000Z,8.22054705331972,8.029498830518541
2021-05-10T02:00:00.000000Z,8.22054705331972,8.042639808627344
2021-05-10T03:00:00.000000Z,8.22054705331972,8.055780786736149
2021-05-10T04:00:00.000000Z,8.22054705331972,8.068921764844951
2021-05-10T05:00:00.000000Z,8.22054705331972,8.082062742953756
2021-05-10T06:00:00.000000Z,8.22054705331972,8.095203721062559
2021-05-10T07:00:00.000000Z,8.22054705331972,8.108344699171363
2021-05-10T08:00:00.000000Z,8.22054705331972,8.121485677280166
2021-05-10T09:00:00.000000Z,8.22054705331972,8.13462665538897
2021-05-10T10:00:00.000000Z,8.22054705331972,8.147767633497773
2021-05-10T11:00:00.000000Z,8.22054705331972,8.160908611606578
2021-05-10T12:00:00.000000Z,8.22054705331972,8.17404958971538
2021-05-10T13:00:00.000000Z,8.22054705331972,8.220547053319718
2021-05-10T14:00:00.000000Z,8.22054705331972,8.220547053319718
2021-05-10T15:00:00.000000Z,8.22054705331972,8.220547053319718
2021-05-10T16:00:00.000000Z,8.22054705331972,8.220547053319718
2021-05-10T17:00:00.000000Z,8.22054705331972,8.22054705331972
2021-05-10T18:00:00.000000Z,8.22054705331972,8.22720553170889
2021-05-10T19:00:00.000000Z,8.22054705331972,8.242692737549737
2021-05-10T20:00:00.000000Z,8.22054705331972,8.270414083473913
2021-05-10T21:00:00.000000Z,8.22054705331972,8.291011159273092
2021-05-10T22:00:00.000000Z,8.22054705331972,8.299861122843105
2021-05-10T23:00:00.000000Z,8.22054705331972,8.312464154017281
2021-05-11T00:00:00.000000Z,8.22054705331972,8.32630824679563
2021-05-11T01:00:00.000000Z,8.22054705331972,8.353738698219805
2021-05-11T02:00:00.000000Z,8.22054705331972,8.371831965935652
2021-05-11T03:00:00.000000Z,8.22054705331972,8.375500041151497
2021-05-11T04:00:00.000000Z,8.22054705331972,8.387955245075673
2021-05-11T05:00:00.000000Z,8.22054705331972,8.403018912958187
2021-05-11T06:00:00.000000Z,8.540154016,8.414479720549032
2021-05-11T07:00:00.000000Z,8.644325971,8.424466552619043
2021-05-11T08:00:00.000000Z,9.12739274,8.437874303709886
2021-05-11T09:00:00.000000Z,8.302361005,8.448407488488233
2021-05-11T10:00:00.000000Z,8.563531353,8.461749127183246
2021-05-11T11:00:00.000000Z,8.48250825,8.478289213253255
2021-05-11T12:00:00.000000Z,8.62310231,8.4894800144066
2021-05-11T13:00:00.000000Z,9.134653465,8.506170641872446
2021-05-11T14:00:00.000000Z,8.174917492,8.53158455237996
2021-05-11T15:00:00.000000Z,8.442244225,8.556077980199968
2021-05-11T16:00:00.000000Z,8.59669967,8.57982736039498
2021-05-11T17:00:00.000000Z,8.567450495,8.604414715027492
2021-05-11T18:00:00.000000Z,8.423762376,8.620671325812499
2021-05-11T19:00:00.000000Z,8.49669967,8.623318584020831
2021-05-11T20:00:00.000000Z,8.587966489,8.612685615416664
2021-05-11T21:00:00.000000Z,8.358720487,8.618147414166666
2021-05-11T22:00:00.000000Z,8.722772277,8.638907126645831
2021-05-11T23:00:00.000000Z,8.512245961,8.655613574104166
2021-05-12T00:00:00.000000Z,8.466006601,8.682660564541665
2021-05-12T01:00:00.000000Z,8.776237624,8.701417440229166
2021-05-12T02:00:00.000000Z,8.884724187,8.720284326916666
2021-05-12T03:00:00.000000Z,8.732054455,8.7461953555
2021-05-12T04:00:00.000000Z,8.849009901,8.76055228225
2021-05-12T05:00:00.000000Z,8.772277228,8.77673556352083
2021-05-12T06:00:00.000000Z,8.768741159,8.7959323604375
2021-05-12T07:00:00.000000Z,8.542807222,8.807301120958332
2021-05-12T08:00:00.000000Z,8.718528996,8.816993195937497
2021-05-12T09:00:00.000000Z,8.973391089,8.830367919395831
2021-05-12T10:00:00.000000Z,8.888967468,8.836894458041666
2021-05-12T11:00:00.000000Z,8.958981613,8.839726517583333
2021-05-12T12:00:00.000000Z,9.444884488,8.844530917208331
2021-05-12T13:00:00.000000Z,9.21320132,8.847488199520832
2021-05-12T14:00:00.000000Z,9.001980198,8.8524372211875
2021-05-12T15:00:00.000000Z,8.858910891,8.859393329729166
2021-05-12T16:00:00.000000Z,8.869165488,8.863450599291664
2021-05-12T17:00:00.000000Z,9.071782178,8.871016311208331
2021-05-12T18:00:00.000000Z,8.840876945,8.879721913895834
2021-05-12T19:00:00.000000Z,8.625285606,8.88996674614583
2021-05-12T20:00:00.000000Z,8.924600152,8.9044617355625
2021-05-12T21:00:00.000000Z,8.66407355,8.909367415874998
2021-05-12T22:00:00.000000Z,8.730693069,8.90209330677083
2021-05-12T23:00:00.000000Z,8.640264027,8.893564431895832
2021-05-13T00:00:00.000000Z,8.568599717,8.8717270970625
2021-05-13T01:00:00.000000Z,8.815594059,8.841390505708333
2021-05-13T02:00:00.000000Z,9.082920792,8.818026919333331
2021-05-13T03:00:00.000000Z,8.86775106,8.797455721583333
2021-05-13T04:00:00.000000Z,8.908062235,8.784659575895832
2021-05-13T05:00:00.000000Z,9.076379066,8.7746850405
2021-05-13T06:00:00.000000Z,8.88250825,8.774657104416665
2021-05-13T07:00:00.000000Z,8.920792079,8.792224241708332
2021-05-13T08:00:00.000000Z,9.036303631,8.807582336583334
2021-05-13T09:00:00.000000Z,8.891089109,8.816393605770834
2021-05-13T10:00:00.000000Z,8.622112211,8.817458846249998
2021-05-13T11:00:00.000000Z,8.816450876,8.829662889458334
2021-05-13T12:00:00.000000Z,8.539223153,8.844037562666665
2021-05-13T13:00:00.000000Z,8.66270627,8.842511282833332
2021-05-13T14:00:00.000000Z,8.431023102,8.844438194291667
2021-05-13T15:00:00.000000Z,8.442450495,8.851164090104163
2021-05-13T16:00:00.000000Z,8.671410891,8.850815394541666
2021-05-13T17:00:00.000000Z,8.790759076,8.835703615520831
2021-05-13T18:00:00.000000Z,9.120559115,8.829370125041665
2021-05-13T19:00:00.000000Z,9.188826026,8.824139691291666
2021-05-13T20:00:00.000000Z,9.098248286,8.816277342541667
2021-05-13T21:00:00.000000Z,8.913366337,8.818948547145832
2021-05-13T22:00:00.000000Z,8.532531825,8.826728994312498
2021-05-13T23:00:00.000000Z,9.424219345,8.837219520166666
2021-05-14T00:00:00.000000Z,8.474628713,8.841271944625
2021-05-14T01:00:00.000000Z,8.836303631,8.837179550499998
2021-05-14T02:00:00.000000Z,9.15470297,8.844967617270832
2021-05-14T03:00:00.000000Z,9.118811881,8.86896916920833
2021-05-14T04:00:00.000000Z,8.640264027,8.888465426854165
2021-05-14T05:00:00.000000Z,8.618811881,8.899529840583332
2021-05-14T06:00:00.000000Z,9.036067892,8.906983355520833
2021-05-14T07:00:00.000000Z,8.516171617,8.900217621145831
2021-05-14T08:00:00.000000Z,9.063531353,8.884832325749997
2021-05-14T09:00:00.000000Z,8.992079208,8.877021809124997
2021-05-14T10:00:00.000000Z,8.894583576,8.884305844520831
2021-05-14T11:00:00.000000Z,9.047524752,8.891700948729163
2021-05-14T12:00:00.000000Z,8.502665651,8.90068151283333
2021-05-14T13:00:00.000000Z,8.502828854,8.91787515183333
2021-05-14T14:00:00.000000Z,8.964727723,8.919841598479163
2021-05-14T15:00:00.000000Z,9.060820367,8.911361694020831
2021-05-14T16:00:00.000000Z,8.988861386,8.915899336687499
2021-05-14T17:00:00.000000Z,9.00440044,8.938830765833332
2021-05-14T18:00:00.000000Z,9.264686468,8.954220027979165
2021-05-14T19:00:00.000000Z,8.719943423,8.9644697136875
2021-05-14T20:00:00.000000Z,8.82863671,8.968206649895832
2021-05-14T21:00:00.000000Z,8.808073115,8.958494741187497
2021-05-14T22:00:00.000000Z,8.987458746,8.956593006874998
2021-05-14T23:00:00.000000Z,9.324257426,8.959242977749998
2021-05-15T00:00:00.000000Z,9.005657709,8.966029561374999
2021-05-15T01:00:00.000000Z,9.130569307,8.986828305166664
2021-05-15T02:00:00.000000Z,8.954826733,8.996614495854164
2021-05-15T03:00:00.000000Z,8.911652704,8.991300203270832
2021-05-15T04:00:00.000000Z,9.065230052,8.989829976166664
2021-05-15T05:00:00.000000Z,9.294554455,8.997345945291665
2021-05-15T06:00:00.000000Z,9.099009901,9.00146219027083
2021-05-15T07:00:00.000000Z,8.945214522,9.001998191687498
2021-05-15T08:00:00.000000Z,8.813861386,9.009720873291666
2021-05-15T09:00:00.000000Z,8.775577557,9.022136778333333
2021-05-15T10:00:00.000000Z,9.01980198,9.032751253229167
2021-05-15T11:00:00.000000Z,9.04950495,9.030373245333331
2021-05-15T12:00:00.000000Z,8.826441467,9.032461865416666
2021-05-15T13:00:00.000000Z,9.17739274,9.039630874708331
2021-05-15T14:00:00.000000Z,8.75990099,9.047817608541665
2021-05-15T15:00:00.000000Z,9.010561056,9.063731850208333
2021-05-15T16:00:00.000000Z,8.968549796,9.084207958937498
2021-05-15T17:00:00.000000Z,9.385478548,9.0924577729375
2021-05-15T18:00:00.000000Z,9.081188119,9.086049141020831
2021-05-15T19:00:00.000000Z,8.92916984,9.076147659791667
2021-05-15T20:00:00.000000Z,8.99009901,9.067673374854165
2021-05-15T21:00:00.000000Z,9.242574257,9.067205828104166
2021-05-15T22:00:00.000000Z,9.062452399,9.06433866639583
2021-05-15T23:00:00.000000Z,9.135119394,9.052271834729167
2021-05-16T00:00:00.000000Z,9.295049505,9.045780376791665
2021-05-16T01:00:00.000000Z,9.185289957,9.041619285791668
2021-05-16T02:00:00.000000Z,9.293069307,9.029025972874999
2021-05-16T03:00:00.000000Z,9.33729373,9.016843727874999
2021-05-16T04:00:00.000000Z,9.622442245,9.0154009490625
2021-05-16T05:00:00.000000Z,9.133333334,9.009954187249999
2021-05-16T06:00:00.000000Z,8.95261669,9.001734252187498
2021-05-16T07:00:00.000000Z,8.616336634,8.997490117354165
2021-05-16T08:00:00.000000Z,8.735973597,8.987208319958334
2021-05-16T09:00:00.000000Z,8.831023102,8.982429717104164
2021-05-16T10:00:00.000000Z,8.826732673,8.987282365833332
2021-05-16T11:00:00.000000Z,8.663366337,8.977041635895832
2021-05-16T12:00:00.000000Z,8.900990099,8.950225209916665
2021-05-16T13:00:00.000000Z,8.90311174,8.934951361104165
2021-05-16T14:00:00.000000Z,8.42970297,8.92318640483333
2021-05-16T15:00:00.000000Z,8.756011316,8.901442483604166
2021-05-16T16:00:00.000000Z,9.153846153,8.868236463770831
2021-05-16T17:00:00.000000Z,8.938737624,8.85218173325
2021-05-16T18:00:00.000000Z,9.13337216,8.8583333935625
2021-05-16T19:00:00.000000Z,8.673267327,8.859561117124999
2021-05-16T20:00:00.000000Z,8.752475248,8.859045109999999
2021-05-16T21:00:00.000000Z,9.250825082,8.871716407187499
2021-05-16T22:00:00.000000Z,9.287128713,8.883931330624998
2021-05-16T23:00:00.000000Z,8.418888043,8.896143411229165
2021-05-17T00:00:00.000000Z,8.724092409,8.914120264708332
2021-05-17T01:00:00.000000Z,9.02310231,8.930862563937499
2021-05-17T02:00:00.000000Z,8.890539053,8.95660959608333
2021-05-17T03:00:00.000000Z,8.696115765,8.98460596027083
2021-05-17T04:00:00.000000Z,8.669731258,8.996262517395833
2021-05-17T05:00:00.000000Z,9.315417256,8.991923892437498
2021-05-17T06:00:00.000000Z,9.065812463,8.97919274802083
2021-05-17T07:00:00.000000Z,8.562071592,8.979687848083332
2021-05-17T08:00:00.000000Z,8.765470297,8.992177270062498
2021-05-17T09:00:00.000000Z,9.409748667,8.982982737958332
2021-05-17T10:00:00.000000Z,8.834323433,8.968478720604164
2021-05-17T11:00:00.000000Z,9.241955446,8.977491160312498
2021-05-17T12:00:00.000000Z,9.185289957,8.997795197937501
2021-05-17T13:00:00.000000Z,9.422442245,9.004029626541666
2021-05-17T14:00:00.000000Z,9.146230008,9.008415641145831
2021-05-17T15:00:00.000000Z,9.383309759,9.0218360514375
2021-05-17T16:00:00.000000Z,9.086062452,9.034752899479166
2021-05-17T17:00:00.000000Z,8.798267327,9.030027337666663
2021-05-17T18:00:00.000000Z,8.662747525,9.021785099979164
2021-05-17T19:00:00.000000Z,9.167656765,9.040321980875
2021-05-17T20:00:00.000000Z,8.857578065,9.059747428833331
2021-05-17T21:00:00.000000Z,8.704384724,9.059574167187499
2021-05-17T22:00:00.000000Z,9.137376238,9.069323816583331
2021-05-17T23:00:00.000000Z,9.001237624,9.077727691791665
2021-05-18T00:00:00.000000Z,9.116336634,9.072409508020831
2021-05-18T01:00:00.000000Z,8.930110658,9.055334757958331
2021-05-18T02:00:00.000000Z,9.194059406,9.028395285125
2021-05-18T03:00:00.000000Z,9.036775106,8.98472824670833
2021-05-18T04:00:00.000000Z,8.949080623,8.9469263209375
2021-05-18T05:00:00.000000Z,8.809240924,8.937731694416666
2021-05-18T06:00:00.000000Z,9.176361386,8.943943788666665
2021-05-18T07:00:00.000000Z,9.341292952,8.946270609458331
2021-05-18T08:00:00.000000Z,8.918670439,8.948426401979166
2021-05-18T09:00:00.000000Z,9.248231966,8.969416421645832
2021-05-18T10:00:00.000000Z,9.463823305,8.985048788437497
2021-05-18T11:00:00.000000Z,9.015841584,8.988834194416665
2021-05-18T12:00:00.000000Z,9.156130998,8.986844872854165
2021-05-18T13:00:00.000000Z,8.632013201,8.993400809833332
2021-05-18T14:00:00.000000Z,8.643564356,9.008484450562499
2021-05-18T15:00:00.000000Z,7.789957567,9.022667029541665
2021-05-18T16:00:00.000000Z,8.864922207,9.031838138958332
2021-05-18T17:00:00.000000Z,8.578065499,9.043819440104167
2021-05-18T18:00:00.000000Z,9.181129877,9.056809568958332
2021-05-18T19:00:00.000000Z,8.760961811,9.066234336041665
2021-05-18T20:00:00.000000Z,9.36775106,9.086968963770833
2021-05-18T21:00:00.000000Z,9.201732673,9.111361283937498
2021-05-18T22:00:00.000000Z,9.390381895,9.11913723325
2021-05-18T23:00:00.000000Z,8.929931454,9.12626467677083
2021-05-19T00:00:00.000000Z,9.092155369,9.148116669645832
2021-05-19T01:00:00.000000Z,9.268976898,9.175039217666665
2021-05-19T02:00:00.000000Z,9.579207921,9.194762127479166
2021-05-19T03:00:00.000000Z,9.332390382,9.197922488187501
2021-05-19T04:00:00.000000Z,9.093678599,9.168620725604166
2021-05-19T05:00:00.000000Z,9.239745403,9.122826379666666
2021-05-19T06:00:00.000000Z,9.369383092,9.077984585374999
2021-05-19T07:00:00.000000Z,9.600660066,9.032813268083332
2021-05-19T08:00:00.000000Z,9.654565456,8.981804260916665
2021-05-19T09:00:00.000000Z,9.683168317,8.916568813958333
2021-05-19T10:00:00.000000Z,9.402132521,8.846762923708333
2021-05-19T11:00:00.000000Z,9.419649657,8.797396667583332
2021-05-19T12:00:00.000000Z,9.801218583,8.7573216565
2021-05-19T13:00:00.000000Z,9.279207921,8.699856775395833
2021-05-19T14:00:00.000000Z,8.943069307,8.637077450583332
2021-05-19T15:00:00.000000Z,7.64214993,8.57719082575
2021-05-19T16:00:00.000000Z,7.60624524,8.52744220389583
2021-05-19T17:00:00.000000Z,7.638613861,8.476794831458331
2021-05-19T18:00:00.000000Z,7.968175389,8.413887579187499
2021-05-19T19:00:00.000000Z,7.805693069,8.339052818374999
2021-05-19T20:00:00.000000Z,7.874587458,8.268469965145831
2021-05-19T21:00:00.000000Z,7.563594821,8.199391078104165
2021-05-19T22:00:00.000000Z,7.677837015,8.121596375562497
2021-05-19T23:00:00.000000Z,8.27289604,8.049084316687498
2021-05-20T00:00:00.000000Z,7.825590251,7.971709559999999
2021-05-20T01:00:00.000000Z,7.777227723,7.898861473895833
2021-05-20T02:00:00.000000Z,8.057549505,7.849087401916666
2021-05-20T03:00:00.000000Z,7.979490806,7.8373195115000005
2021-05-20T04:00:00.000000Z,8.058644326,7.850268924541666
2021-05-20T05:00:00.000000Z,7.843705799,7.859199758229164
2021-05-20T06:00:00.000000Z,7.745874587,7.875465137187501
2021-05-20T07:00:00.000000Z,7.632100052,7.889959521020831
2021-05-20T08:00:00.000000Z,8.235148515,7.890655684395833
2021-05-20T09:00:00.000000Z,7.78679868,7.8965925761666655
2021-05-20T10:00:00.000000Z,7.564356436,7.916522549916667
2021-05-20T11:00:00.000000Z,7.776846916,7.927675113479165
2021-05-20T12:00:00.000000Z,7.730033003,7.927390266354166
2021-05-20T13:00:00.000000Z,7.853685368,7.928474540520832
2021-05-20T14:00:00.000000Z,7.979436405,7.922373227249999
2021-05-20T15:00:00.000000Z,8.040924092,7.913105496166665
2021-05-20T16:00:00.000000Z,7.829042904,7.912093284166664
2021-05-20T17:00:00.000000Z,7.844496214,7.922943270291666
2021-05-20T18:00:00.000000Z,8.543031226,7.934779275354167
2021-05-20T19:00:00.000000Z,7.926567656,7.945581503979165
2021-05-20T20:00:00.000000Z,7.787128713,7.950168602125
2021-05-20T21:00:00.000000Z,7.936024371,7.945807942812499
2021-05-20T22:00:00.000000Z,8.262046205,7.951203770833331
2021-05-20T23:00:00.000000Z,8.224009901,7.957455357520832
2021-05-21T00:00:00.000000Z,7.860803728,7.963206605729167
2021-05-21T01:00:00.000000Z,7.794059406,7.962940745833333
2021-05-21T02:00:00.000000Z,7.747854785,7.950620483374998
2021-05-21T03:00:00.000000Z,7.844334434,7.927515637541665
2021-05-21T04:00:00.000000Z,8.145214522,7.899228705
2021-05-21T05:00:00.000000Z,8.277934937,7.882708500604167
2021-05-21T06:00:00.000000Z,7.879773692,7.856545078270831
2021-05-21T07:00:00.000000Z,8.016707921,7.821526030374998
2021-05-21T08:00:00.000000Z,8.070721357,7.797603548874999
2021-05-21T09:00:00.000000Z,7.741914191,7.779000318375001
2021-05-21T10:00:00.000000Z,7.86824067,7.757417006208333
2021-05-21T11:00:00.000000Z,7.773038843,7.722642026291666
2021-05-21T12:00:00.000000Z,8.00990099,7.689942943999999
2021-05-21T13:00:00.000000Z,7.561056106,7.672832562124999
2021-05-21T14:00:00.000000Z,7.680693069,7.658781892333334
2021-05-21T15:00:00.000000Z,7.230634828,7.650957032437498
2021-05-21T16:00:00.000000Z,7.281559406,7.636559015229168
2021-05-21T17:00:00.000000Z,7.599009901,7.611963698541666
2021-05-21T18:00:00.000000Z,7.532673267,7.596051393000001
2021-05-21T19:00:00.000000Z,7.256011316,7.584188990229166
2021-05-21T20:00:00.000000Z,7.309405941,7.567965437083332
2021-05-21T21:00:00.000000Z,7.520792079,7.558575457916666
2021-05-21T22:00:00.000000Z,7.641279513,7.560493642520833
2021-05-21T23:00:00.000000Z,7.175577557,7.562261223104166
2021-05-22T00:00:00.000000Z,7.339680122,7.557945406895833
2021-05-22T01:00:00.000000Z,7.493884682,7.5557984545625
2021-05-22T02:00:00.000000Z,7.373597359,7.5612557482291685
2021-05-22T03:00:00.000000Z,7.842998585,7.579858605416666
2021-05-22T04:00:00.000000Z,7.455445545,7.610469520375
2021-05-22T05:00:00.000000Z,7.787128713,7.623342894770833
2021-05-22T06:00:00.000000Z,7.60678925,7.632104608000001
2021-05-22T07:00:00.000000Z,7.72029703,7.651332713833331
2021-05-22T08:00:00.000000Z,7.588401697,7.6691143468958325
2021-05-22T09:00:00.000000Z,7.773514851,7.687245535020833
2021-05-22T10:00:00.000000Z,7.928712871,7.699576551770833
2021-05-22T11:00:00.000000Z,7.79741051,7.716279183583333
2021-05-22T12:00:00.000000Z,7.778370145,7.739079492479165
2021-05-22T13:00:00.000000Z,7.689533239,7.751093372041667
2021-05-22T14:00:00.000000Z,7.814166032,7.755256803124999
2021-05-22T15:00:00.000000Z,7.99009901,7.756555930333332
2021-05-22T16:00:00.000000Z,7.991419142,7.760302802291666
2021-05-22T17:00:00.000000Z,7.507072136,7.7640236070625
2021-05-22T18:00:00.000000Z,8.045173267,7.766121258458331
2021-05-22T19:00:00.000000Z,7.666460396,7.779091751937501
2021-05-22T20:00:00.000000Z,7.752475248,7.800829360958334
2021-05-22T21:00:00.000000Z,7.948019802,7.810848219999999
2021-05-22T22:00:00.000000Z,7.805940594,7.8059398385625
2021-05-22T23:00:00.000000Z,7.812642803,7.799872459875001
2021-05-23T00:00:00.000000Z,7.797029703,7.796304658041665
2021-05-23T01:00:00.000000Z,7.61320132,7.798284629395832
2021-05-23T02:00:00.000000Z,7.454125413,7.7985132837916655
2021-05-23T03:00:00.000000Z,7.824828637,7.792097077249999
2021-05-23T04:00:00.000000Z,7.653465347,7.783023134124999
2021-05-23T05:00:00.000000Z,7.76770754,7.787067634541666
2021-05-23T06:00:00.000000Z,7.72689769,7.796690385958334
2021-05-23T07:00:00.000000Z,8.222772277,7.796320553312501
2021-05-23T08:00:00.000000Z,8.129331683,7.795895611270831
2021-05-23T09:00:00.000000Z,7.713490099,7.7914092251249984
2021-05-23T10:00:00.000000Z,7.753135314,7.7886140314583345
2021-05-23T11:00:00.000000Z,7.68175389,7.786930092458332
2021-05-23T12:00:00.000000Z,7.722772277,7.781595390020833
2021-05-23T13:00:00.000000Z,7.840169732,7.782630672124999
2021-05-23T14:00:00.000000Z,7.67450495,7.793503778666665
2021-05-23T15:00:00.000000Z,7.821782178,7.799362922250001
2021-05-23T16:00:00.000000Z,7.724186704,7.799474986604167
2021-05-23T17:00:00.000000Z,7.968440594,7.803871133208332
2021-05-23T18:00:00.000000Z,8.045696877,7.806610036874997
2021-05-23T19:00:00.000000Z,7.648184819,7.799908697083333
2021-05-23T20:00:00.000000Z,7.750353607,7.780521099833331
2021-05-23T21:00:00.000000Z,7.734794908,7.771345740333334
2021-05-23T22:00:00.000000Z,7.884996192,7.77278877525
2021-05-23T23:00:00.000000Z,7.652758133,7.765597911041667
2021-05-24T00:00:00.000000Z,7.700848656,7.752509425854166
2021-05-24T01:00:00.000000Z,7.759075908,7.739268816083335
2021-05-24T02:00:00.000000Z,7.830159939,7.7329331155625
2021-05-24T03:00:00.000000Z,7.730033003,7.728191592333333
2021-05-24T04:00:00.000000Z,7.75364007,7.733282056749999
2021-05-24T05:00:00.000000Z,7.878547854,7.735228735791667
2021-05-24T06:00:00.000000Z,7.747524752,7.723869259354168
2021-05-24T07:00:00.000000Z,7.880480905,7.726364907270831
2021-05-24T08:00:00.000000Z,7.541018387,7.730018844083333
2021-05-24T09:00:00.000000Z,7.861386139,7.734866203812498
2021-05-24T10:00:00.000000Z,7.67450495,7.7404211771458336
2021-05-24T11:00:00.000000Z,7.415222772,7.737401185833333
2021-05-24T12:00:00.000000Z,7.361056106,7.7385526746250015
2021-05-24T13:00:00.000000Z,7.566336634,7.7447823498125
2021-05-24T14:00:00.000000Z,7.644224423,7.751729438749999
2021-05-24T15:00:00.000000Z,7.62446959,7.757734558499999
2021-05-24T16:00:00.000000Z,8.165841584,7.767888424583333
2021-05-24T17:00:00.000000Z,7.620226308,7.7707752178125
2021-05-24T18:00:00.000000Z,7.848656294,7.769314927583334
2021-05-24T19:00:00.000000Z,7.965016502,7.765165714604166
2021-05-24T20:00:00.000000Z,7.608910891,7.760247633520834
2021-05-24T21:00:00.000000Z,8.108910891,7.758614015479168
2021-05-24T22:00:00.000000Z,7.777518929,7.757271273020834
2021-05-24T23:00:00.000000Z,7.615275813,7.7692322776874985
2021-05-25T00:00:00.000000Z,7.793602438,7.785724228229165
2021-05-25T01:00:00.000000Z,7.965346535,7.793713777166666
2021-05-25T02:00:00.000000Z,7.957349581,7.807231378895833
2021-05-25T03:00:00.000000Z,7.891089109,7.822102508833332
2021-05-25T04:00:00.000000Z,8.079969536,7.815848088749999
2021-05-25T05:00:00.000000Z,7.690784463,7.809141837791666
2021-05-25T06:00:00.000000Z,7.865194212,7.819315890937498
2021-05-25T07:00:00.000000Z,7.563649222,7.8229108932916676
2021-05-25T08:00:00.000000Z,7.621782178,7.821868282145832
2021-05-25T09:00:00.000000Z,7.702208682,7.820557273645833
2021-05-25T10:00:00.000000Z,7.769230769,7.821318771583333
2021-05-25T11:00:00.000000Z,7.894625177,7.837714478041666
2021-05-25T12:00:00.000000Z,7.673267327,7.853119276583333
2021-05-25T13:00:00.000000Z,7.637623762,7.854827091583331
2021-05-25T14:00:00.000000Z,8.221782178,7.854032080770834
2021-05-25T15:00:00.000000Z,7.760726072,7.858679970020831
2021-05-25T16:00:00.000000Z,7.729372938,7.8579738897916664
2021-05-25T17:00:00.000000Z,7.734794908,7.862549644312499
2021-05-25T18:00:00.000000Z,8.222442245,7.874104599499999
2021-05-25T19:00:00.000000Z,7.763790664,7.886386768624999
2021-05-25T20:00:00.000000Z,7.760091394,7.900348343354166
2021-05-25T21:00:00.000000Z,7.89480198,7.9144255203333325
2021-05-25T22:00:00.000000Z,8.028179741,7.9361981783958315
2021-05-25T23:00:00.000000Z,8.151608911,7.947780387437499
2021-05-26T00:00:00.000000Z,7.99669967,7.953352641083333
2021-05-26T01:00:00.000000Z,7.844224423,7.9651012266666665
2021-05-26T02:00:00.000000Z,8.040311174,7.966954715604167
2021-05-26T03:00:00.000000Z,8.0312262,7.966985920666664
2021-05-26T04:00:00.000000Z,7.905940594,7.971896748270833
2021-05-26T05:00:00.000000Z,8.084449622,7.9778238176041665
2021-05-26T06:00:00.000000Z,8.026166902,7.983756440395833
2021-05-26T07:00:00.000000Z,7.99222065,7.9846104990208335
2021-05-26T08:00:00.000000Z,7.863366337,7.991705301916665
2021-05-26T09:00:00.000000Z,8.136329018,7.997280823416667
2021-05-26T10:00:00.000000Z,8.38019802,7.994397265833332
2021-05-26T11:00:00.000000Z,7.83960396,7.993300527562501
2021-05-26T12:00:00.000000Z,7.995756719,7.991306644291665
2021-05-26T13:00:00.000000Z,7.879066478,7.994881208479166
2021-05-26T14:00:00.000000Z,8.069306931,7.999612172666666
2021-05-26T15:00:00.000000Z,7.914699162,7.998254413270834
2021-05-26T16:00:00.000000Z,7.811119573,8.000598191583332
2021-05-26T17:00:00.000000Z,7.937547601,7.998812757270835
2021-05-26T18:00:00.000000Z,8.304455446,7.994327671145833
2021-05-26T19:00:00.000000Z,7.722772277,7.992972178479165
2021-05-26T20:00:00.000000Z,8.14166032,7.988912576083331
2021-05-26T21:00:00.000000Z,7.780858086,7.980685893666665
2021-05-26T22:00:00.000000Z,8.003712871,7.960388941750001
2021-05-26T23:00:00.000000Z,8.123432344,7.946436698312498
2021-05-27T00:00:00.000000Z,7.92916984,7.9480714496875
2021-05-27T01:00:00.000000Z,8.083333334,7.9496003457083315
2021-05-27T02:00:00.000000Z,8.028288544,7.9470106293125
2021-05-27T03:00:00.000000Z,7.978076379,7.943198022770833
2021-05-27T04:00:00.000000Z,8.071591774,7.938623801624999
2021-05-27T05:00:00.000000Z,7.833097595,7.938361996604166
2021-05-27T06:00:00.000000Z,8.062234795,7.948864231583332
2021-05-27T07:00:00.000000Z,7.891089109,7.962087652145834
2021-05-27T08:00:00.000000Z,7.769636963,7.967469728812498
2021-05-27T09:00:00.000000Z,7.835177636,7.969930851625
2021-05-27T10:00:00.000000Z,7.70709571,7.97650033
2021-05-27T11:00:00.000000Z,7.842998585,7.976873600499999
2021-05-27T12:00:00.000000Z,8.07083016,7.970749629583333
2021-05-27T13:00:00.000000Z,7.877380046,7.965021010687499
2021-05-27T14:00:00.000000Z,7.946686976,7.961662237270833
2021-05-27T15:00:00.000000Z,7.854314003,7.9599236705416665
2021-05-27T16:00:00.000000Z,7.651942117,7.956831122291666
2021-05-27T17:00:00.000000Z,8.084158416,7.957716650437498
2021-05-27T18:00:00.000000Z,8.66195191,7.955477140791665
2021-05-27T19:00:00.000000Z,8.0,7.950118033437498
2021-05-27T20:00:00.000000Z,8.122772277,7.951752331479167
2021-05-27T21:00:00.000000Z,7.917880024,7.951575865874998
2021-05-27T22:00:00.000000Z,8.182025895,7.950131893708331
2021-05-27T23:00:00.000000Z,7.963036304,7.951260904291666
2021-05-28T00:00:00.000000Z,7.795615276,7.948149844562499
2021-05-28T01:00:00.000000Z,7.941914191,7.939618147416665
2021-05-28T02:00:00.000000Z,8.008486563,7.931948933520832
2021-05-28T03:00:00.000000Z,7.914427157,7.929002965854165
2021-05-28T04:00:00.000000Z,7.98679868,7.936002718020835
2021-05-28T05:00:00.000000Z,7.96039604,7.942311954708334
2021-05-28T06:00:00.000000Z,7.827439887,7.9262291075624995
2021-05-28T07:00:00.000000Z,7.868646864,7.907294568999999
2021-05-28T08:00:00.000000Z,7.870525514,7.904587267020834
2021-05-28T09:00:00.000000Z,7.725818736,7.902642525979165
2021-05-28T10:00:00.000000Z,7.747143946,7.892890177229166
2021-05-28T11:00:00.000000Z,7.857142857,7.884692374250001
2021-05-28T12:00:00.000000Z,7.907355021,7.886970696854165
2021-05-28T13:00:00.000000Z,7.631333722,7.887252491708333
2021-05-28T14:00:00.000000Z,7.824611033,7.880740356145833
2021-05-28T15:00:00.000000Z,7.834983498,7.879611067791666
2021-05-28T16:00:00.000000Z,8.007260726,7.875250206270832
2021-05-28T17:00:00.000000Z,8.031683168,7.862182102583331
2021-05-28T18:00:00.000000Z,7.942450495,7.8590822347291684
2021-05-28T19:00:00.000000Z,7.810643564,7.860348796833332
2021-05-28T20:00:00.000000Z,8.182178218,7.8558227810625
2021-05-28T21:00:00.000000Z,7.765126513,7.861475125145832
2021-05-28T22:00:00.000000Z,7.866666666,7.870375664916666
2021-05-28T23:00:00.000000Z,7.88490099,7.873124051020833
2021-05-29T00:00:00.000000Z,7.983110075,7.877543153666666
2021-05-29T01:00:00.000000Z,7.767945545,7.886342473729165
2021-05-29T02:00:00.000000Z,7.869872702,7.893056495958332
2021-05-29T03:00:00.000000Z,7.998835177,7.896380399770831
2021-05-29T04:00:00.000000Z,7.693069307,7.894441455874999
2021-05-29T05:00:00.000000Z,7.626856436,7.890454539333334
2021-05-29T06:00:00.000000Z,8.012185834,7.898103864541666
2021-05-29T07:00:00.000000Z,7.744695898,7.902785102770832
2021-05-29T08:00:00.000000Z,7.777227723,7.901372885666665
2021-05-29T09:00:00.000000Z,8.090429043,7.906576471479167
2021-05-29T10:00:00.000000Z,7.809759548,7.912521649333333
2021-05-29T11:00:00.000000Z,7.926449788,7.924064209874999
2021-05-29T12:00:00.000000Z,8.050165017,7.9374212008125
2021-05-29T13:00:00.000000Z,7.910891089,7.9497091451041655
2021-05-29T14:00:00.000000Z,7.867326733,7.960011517895833
2021-05-29T15:00:00.000000Z,7.951815181,7.967017785749997
2021-05-29T16:00:00.000000Z,7.797359736,7.978044597479165
2021-05-29T17:00:00.000000Z,8.050212164,7.995968246229165
2021-05-29T18:00:00.000000Z,8.291089109,8.008275969374997
2021-05-29T19:00:00.000000Z,7.686704385,8.0083996058125
2021-05-29T20:00:00.000000Z,8.238330976,8.011539117937499
2021-05-29T21:00:00.000000Z,7.958745874,8.010794521416665
2021-05-29T22:00:00.000000Z,7.958415842,8.008393093083333
2021-05-29T23:00:00.000000Z,8.34719472,8.013918350291664
2021-05-30T00:00:00.000000Z,8.16195191,8.011118963208332
2021-05-30T01:00:00.000000Z,8.178925036,8.005678707624998
2021-05-30T02:00:00.000000Z,7.953407105,8.006880366229165
2021-05-30T03:00:00.000000Z,8.251601631,8.002574466874998
2021-05-30T04:00:00.000000Z,7.969589816,8.004731713854166
2021-05-30T05:00:00.000000Z,8.210671067,8.013648498374998
2021-05-30T06:00:00.000000Z,8.019141914,8.011572040729165
2021-05-30T07:00:00.000000Z,7.743674367,8.010811786145833
2021-05-30T08:00:00.000000Z,7.928945836,8.006811118208333
2021-05-30T09:00:00.000000Z,7.902970297,7.996614350770831
2021-05-30T10:00:00.000000Z,7.881949734,7.995452359583332
2021-05-30T11:00:00.000000Z,8.119471948,7.9858864364583315
2021-05-30T12:00:00.000000Z,7.722772277,7.965041193437497
2021-05-30T13:00:00.000000Z,7.977151561,7.945152653229165
2021-05-30T14:00:00.000000Z,7.858745874,7.938601336333329
2021-05-30T15:00:00.000000Z,7.753712871,7.937431256083331
2021-05-30T16:00:00.000000Z,8.099009901,7.932778900083332
2021-05-30T17:00:00.000000Z,8.176567656,7.922536744937499
2021-05-30T18:00:00.000000Z,8.06506365,7.9086102034791645
2021-05-30T19:00:00.000000Z,7.876237624,7.906099595270833
2021-05-30T20:00:00.000000Z,7.856765676,7.905143932479165
2021-05-30T21:00:00.000000Z,7.850866337,7.902619630666663
2021-05-30T22:00:00.000000Z,8.010519802,7.901825828729167
2021-05-30T23:00:00.000000Z,7.83592645,7.899328896291665
2021-05-31T00:00:00.000000Z,7.672648515,7.898831668958332
2021-05-31T01:00:00.000000Z,7.713578501,7.9088940621875
2021-05-31T02:00:00.000000Z,8.104290429,7.9169686883541655
2021-05-31T03:00:00.000000Z,8.044554455,7.917660922770833
2021-05-31T04:00:00.000000Z,7.953323904,7.914763217145833
2021-05-31T05:00:00.000000Z,7.735313532,7.903386069833332
2021-05-31T06:00:00.000000Z,7.826025459,7.900205346541665
2021-05-31T07:00:00.000000Z,7.816281628,7.9095521259791655
2021-05-31T08:00:00.000000Z,7.810466761,7.917370642208331
2021-05-31T09:00:00.000000Z,7.900282885,7.922829938145831
2021-05-31T10:00:00.000000Z,7.846534653,7.924301335270833
2021-05-31T11:00:00.000000Z,8.035034272,7.926122655791666
2021-05-31T12:00:00.000000Z,7.783343041,7.9323702001875
2021-05-31T13:00:00.000000Z,8.399575672,7.939890360666665
2021-05-31T14:00:00.000000Z,7.823903819,7.938824506291664
2021-05-31T15:00:00.000000Z,7.821782178,7.926944177645833
2021-05-31T16:00:00.000000Z,7.891850724,7.922914533624999
2021-05-31T17:00:00.000000Z,7.837623762,7.926565032583332
2021-05-31T18:00:00.000000Z,8.251332826,7.92952857670833
2021-05-31T19:00:00.000000Z,8.138613861,7.935897591604165
2021-05-31T20:00:00.000000Z,7.969678218,7.943815477895833
2021-05-31T21:00:00.000000Z,8.0,7.951615454333333
2021-05-31T22:00:00.000000Z,7.932013201,7.960377649249999
2021-05-31T23:00:00.000000Z,8.001856436,7.960652346208333
2021-06-01T00:00:00.000000Z,7.80660066,7.959911090291666
2021-06-01T01:00:00.000000Z,7.940594059,7.960815040958334
2021-06-01T02:00:00.000000Z,7.826113861,7.958205349187499
2021-06-01T03:00:00.000000Z,7.752475248,7.955561278979165
2021-06-01T04:00:00.000000Z,8.051980198,7.952254904374998
2021-06-01T05:00:00.000000Z,7.811881188,7.955330886770832
2021-06-01T06:00:00.000000Z,7.891707921,7.958292324749999
2021-06-01T07:00:00.000000Z,8.056311881,7.9572461624374995
2021-06-01T08:00:00.000000Z,7.95049505,7.954472134166668
2021-06-01T09:00:00.000000Z,8.134653465,7.949841670249999
2021-06-01T10:00:00.000000Z,8.032749429,7.94691051175
2021-06-01T11:00:00.000000Z,7.86200495,7.948716635875
2021-06-01T12:00:00.000000Z,7.920792079,7.957038796208332
2021-06-01T13:00:00.000000Z,8.305516266,7.957862820916665
2021-06-01T14:00:00.000000Z,7.79269802,7.953153022166665
2021-06-01T15:00:00.000000Z,7.726072607,7.956716715583333
2021-06-01T16:00:00.000000Z,7.828854314,7.960000838625
2021-06-01T17:00:00.000000Z,8.048267327,7.9613244084791654
2021-06-01T18:00:00.000000Z,8.182838284,7.970651647
2021-06-01T19:00:00.000000Z,8.156892612,7.973126403395832
2021-06-01T20:00:00.000000Z,7.81824611,7.965727795229165
2021-06-01T21:00:00.000000Z,7.92916984,7.955909313374999
2021-06-01T22:00:00.000000Z,7.862147753,7.947371069437499
2021-06-01T23:00:00.000000Z,8.158415842,7.944056260812497
2021-06-02T00:00:00.000000Z,8.04950495,7.943229745895831
2021-06-02T01:00:00.000000Z,7.737242955,7.9375707276249985
2021-06-02T02:00:00.000000Z,7.803394625,7.9360609002916656
2021-06-02T03:00:00.000000Z,7.946251768,7.947647293291665
2021-06-02T04:00:00.000000Z,8.015841584,7.956871519270831
2021-06-02T05:00:00.000000Z,7.911551155,7.957270092458334
2021-06-02T06:00:00.000000Z,8.239745403,7.951825313479166
2021-06-02T07:00:00.000000Z,7.827062706,7.942318504312498
2021-06-02T08:00:00.000000Z,7.824611033,7.943973767229167
2021-06-02T09:00:00.000000Z,7.789250353,7.9544230345208335
2021-06-02T10:00:00.000000Z,7.968316832,7.956796280083331
2021-06-02T11:00:00.000000Z,7.767326733,7.950434757937499
2021-06-02T12:00:00.000000Z,7.97579758,7.941889865
2021-06-02T13:00:00.000000Z,7.978877888,7.946752562833332
2021-06-02T14:00:00.000000Z,8.046864686,7.959149049729167
2021-06-02T15:00:00.000000Z,8.028052805,7.967135651958333
2021-06-02T16:00:00.000000Z,7.969636963,7.971947651020831
2021-06-02T17:00:00.000000Z,7.926616191,7.990834635874998
2021-06-02T18:00:00.000000Z,8.043140029,8.007545097270832
2021-06-02T19:00:00.000000Z,7.840264027,8.014924721749999
2021-06-02T20:00:00.000000Z,8.214327315,8.032098375937498
2021-06-02T21:00:00.000000Z,8.034653465,8.060316792729164
2021-06-02T22:00:00.000000Z,7.870579915,8.079625073999999
2021-06-02T23:00:00.000000Z,7.844630617,8.088285609166666
2021-06-03T00:00:00.000000Z,7.953135314,8.093032241041664
2021-06-03T01:00:00.000000Z,8.067022087,8.08645057095833
2021-06-03T02:00:00.000000Z,8.068646864,8.082842421687499
2021-06-03T03:00:00.000000Z,8.064356436,8.088036011979165
2021-06-03T04:00:00.000000Z,8.128712871,8.100270684125
2021-06-03T05:00:00.000000Z,8.705255141,8.115147187541666
2021-06-03T06:00:00.000000Z,8.248143564,8.135964284999998
2021-06-03T07:00:00.000000Z,8.17288652,8.149946486770833
2021-06-03T08:00:00.000000Z,8.30312262,8.144958168208333
2021-06-03T09:00:00.000000Z,8.665222772,8.138434606854165
2021-06-03T10:00:00.000000Z,8.019141914,8.146562651812497
2021-06-03T11:00:00.000000Z,8.132207339,8.156505151041667
2021-06-03T12:00:00.000000Z,7.838755304,8.157125200145831
2021-06-03T13:00:00.000000Z,7.8,8.160418125583334
2021-06-03T14:00:00.000000Z,8.052551409,8.159728063479166
2021-06-03T15:00:00.000000Z,8.271658416,8.150535269229167
2021-06-03T16:00:00.000000Z,8.313295615,8.14128452275
2021-06-03T17:00:00.000000Z,8.297029703,8.1188418251875
2021-06-03T18:00:00.000000Z,8.671947195,8.094450238520832
2021-06-03T19:00:00.000000Z,7.882602546,8.083423552916667
2021-06-03T20:00:00.000000Z,7.932549505,8.076627200208332
2021-06-03T21:00:00.000000Z,8.00330033,8.060893974270833
2021-06-03T22:00:00.000000Z,8.292079208,8.044057011583334
2021-06-03T23:00:00.000000Z,7.900371287,8.04026348095833
2021-06-04T00:00:00.000000Z,7.927157001,8.039245763625
2021-06-04T01:00:00.000000Z,8.251060821,8.048256843291664
2021-06-04T02:00:00.000000Z,7.851485149,8.055475710770832
2021-06-04T03:00:00.000000Z,7.840264027,8.04737812475
2021-06-04T04:00:00.000000Z,7.908769449,8.039535543625
2021-06-04T05:00:00.000000Z,7.84794908,8.032330805291664
2021-06-04T06:00:00.000000Z,7.934653465,8.01927485683333
2021-06-04T07:00:00.000000Z,7.95709571,8.016701385187499
2021-06-04T08:00:00.000000Z,8.1926885,8.025105147083332
2021-06-04T09:00:00.000000Z,8.020462047,8.0282756440625
2021-06-04T10:00:00.000000Z,7.85572843,8.019955195416667
2021-06-04T11:00:00.000000Z,8.113531353,8.014943924208332
2021-06-04T12:00:00.000000Z,7.808580858,8.022618296583333
2021-06-04T13:00:00.000000Z,8.26270627,8.019712090791666
2021-06-04T14:00:00.000000Z,7.936350778,8.018043508729166
2021-06-04T15:00:00.000000Z,7.999174918,8.026488817520832
2021-06-04T16:00:00.000000Z,8.209335219,8.038750132916665
2021-06-04T17:00:00.000000Z,8.055162659,8.052047712687498
2021-06-04T18:00:00.000000Z,8.287128713,8.059378871270832
2021-06-04T19:00:00.000000Z,8.143894389,8.061894101791665
2021-06-04T20:00:00.000000Z,8.074638233,8.052697454083331
2021-06-04T21:00:00.000000Z,8.013395457,8.046943032458332
2021-06-04T22:00:00.000000Z,7.882602546,8.052235649604164
2021-06-04T23:00:00.000000Z,8.069306931,8.051815099291666
2021-06-05T00:00:00.000000Z,8.126591231,8.050583822291667
2021-06-05T01:00:00.000000Z,7.912128713,8.042545614624999
2021-06-05T02:00:00.000000Z,8.110325318,8.031766198770832
2021-06-05T03:00:00.000000Z,7.98679868,8.028171385270833
2021-06-05T04:00:00.000000Z,8.350777935,8.024065761979166
2021-06-05T05:00:00.000000Z,8.044224423,8.022311132749998
2021-06-05T06:00:00.000000Z,8.090273734,8.032532333458333
2021-06-05T07:00:00.000000Z,7.922206506,8.03589945589583
2021-06-05T08:00:00.000000Z,7.786138614,8.025694877749999
2021-06-05T09:00:00.000000Z,8.150799695,8.017280809541663
2021-06-05T10:00:00.000000Z,7.979436405,8.013692567333333
2021-06-05T11:00:00.000000Z,7.969636963,8.008643848187498
2021-06-05T12:00:00.000000Z,7.893373952,7.992877896583331
2021-06-05T13:00:00.000000Z,7.792079208,7.985873289854165
2021-06-05T14:00:00.000000Z,7.889565879,7.983188088291664
2021-06-05T15:00:00.000000Z,7.873408769,7.982471052291665
2021-06-05T16:00:00.000000Z,8.13803145,7.9791731778541655
2021-06-05T17:00:00.000000Z,8.042244225,7.9746987674791665
2021-06-05T18:00:00.000000Z,8.790664781,7.973942428479167
2021-06-05T19:00:00.000000Z,7.801980198,7.970685605937498
2021-06-05T20:00:00.000000Z,7.926732673,7.972576042229165
2021-06-05T21:00:00.000000Z,7.757425743,7.969282738999999
2021-06-05T22:00:00.000000Z,7.966336634,7.965441931937499
2021-06-05T23:00:00.000000Z,7.743234324,7.9644765978750005
2021-06-06T00:00:00.000000Z,7.695898161,7.965606704041666
2021-06-06T01:00:00.000000Z,8.00660066,7.9693309088749995
2021-06-06T02:00:00.000000Z,7.886963696,7.968655429229166
2021-06-06T03:00:00.000000Z,8.175742574,7.968119427833334
2021-06-06T04:00:00.000000Z,8.003536068,7.963439395749999
2021-06-06T05:00:00.000000Z,8.176694592,7.974876630125
2021-06-06T06:00:00.000000Z,7.921499293,7.976057202020833
2021-06-06T07:00:00.000000Z,7.934653465,7.963220538875
2021-06-06T08:00:00.000000Z,7.864432597,7.965647656583333
2021-06-06T09:00:00.000000Z,7.914427157,7.968582517375002
2021-06-06T10:00:00.000000Z,8.031450204,7.974933612625
2021-06-06T11:00:00.000000Z,7.871287129,7.981882968229166
2021-06-06T12:00:00.000000Z,8.045968882,7.991150528374999
2021-06-06T13:00:00.000000Z,7.81824611,7.9995134445
2021-06-06T14:00:00.000000Z,7.830975954,8.008069775437498
2021-06-06T15:00:00.000000Z,7.906270627,8.008136105604166
2021-06-06T16:00:00.000000Z,7.880528052,7.998742443020834
2021-06-06T17:00:00.000000Z,8.848734873,7.988627626604164
2021-06-06T18:00:00.000000Z,8.040841584,7.9820898048124995
2021-06-06T19:00:00.000000Z,7.935643564,7.9838301241875
2021-06-06T20:00:00.000000Z,7.909570957,7.986703672708332
2021-06-06T21:00:00.000000Z,7.915460777,7.995946325166667
2021-06-06T22:00:00.000000Z,8.113154172,8.004919105770831
2021-06-06T23:00:00.000000Z,7.929985855,8.009300523208335
2021-06-07T00:00:00.000000Z,7.953989517,8.018361697187498
2021-06-07T01:00:00.000000Z,8.149929278,8.027392421708333
2021-06-07T02:00:00.000000Z,8.154338963,8.031826257979166
2021-06-07T03:00:00.000000Z,7.911551155,8.034631661312499
2021-06-07T04:00:00.000000Z,7.816831683,8.038732640625
2021-06-07T05:00:00.000000Z,7.877887789,8.026530587104165
2021-06-07T06:00:00.000000Z,7.90649065,8.017839799874999
2021-06-07T07:00:00.000000Z,8.033197438,8.028828867541666
2021-06-07T08:00:00.000000Z,7.903818953,8.037679596374998
2021-06-07T09:00:00.000000Z,8.318688119,8.045245629416666
2021-06-07T10:00:00.000000Z,8.057882711,8.045796742208331
2021-06-07T11:00:00.000000Z,8.055162659,8.05216461114583
2021-06-07T12:00:00.000000Z,8.297029703,8.066504233145833
2021-06-07T13:00:00.000000Z,8.000660066,8.069667916124999
2021-06-07T14:00:00.000000Z,7.861386139,8.06653994052083
2021-06-07T15:00:00.000000Z,8.010519802,8.064207806854167
2021-06-07T16:00:00.000000Z,7.973125884,8.070295963770832
2021-06-07T17:00:00.000000Z,8.170438472,8.079763785562498
2021-06-07T18:00:00.000000Z,8.301980198,8.085939585395833
2021-06-07T19:00:00.000000Z,8.201980198,8.087754119249999
2021-06-07T20:00:00.000000Z,8.068069307,8.086104820895834
2021-06-07T21:00:00.000000Z,8.120132013,8.087848912708331
2021-06-07T22:00:00.000000Z,7.93493635,8.090378117375
2021-06-07T23:00:00.000000Z,8.413861386,8.087802983499998
2021-06-08T00:00:00.000000Z,8.158415842,8.079321105104166
2021-06-08T01:00:00.000000Z,8.097359736,8.073714246354164
2021-06-08T02:00:00.000000Z,8.056765676,8.077148161166665
2021-06-08T03:00:00.000000Z,7.897182026,8.0824688383125
2021-06-08T04:00:00.000000Z,8.123432344,8.089454414104164
2021-06-08T05:00:00.000000Z,8.025742574,8.09100930175
2021-06-08T06:00:00.000000Z,8.055074257,8.102702759062499
2021-06-08T07:00:00.000000Z,7.971711456,8.112389346708333
2021-06-08T08:00:00.000000Z,7.886138614,8.111126732437498
2021-06-08T09:00:00.000000Z,8.420084865,8.110553802541665
2021-06-08T10:00:00.000000Z,8.077887789,8.113516090541669
2021-06-08T11:00:00.000000Z,7.911551155,8.110977828479164
2021-06-08T12:00:00.000000Z,8.033511044,8.097804870541665
2021-06-08T13:00:00.000000Z,7.995049505,8.101733365395832
2021-06-08T14:00:00.000000Z,8.031824611,8.109401374854166
2021-06-08T15:00:00.000000Z,8.095473833,8.108551509645832
2021-06-08T16:00:00.000000Z,8.223479491,8.114914240666666
2021-06-08T17:00:00.000000Z,7.994719472,8.126205706333332
2021-06-08T18:00:00.000000Z,9.038985149,8.128156550458332
2021-06-08T19:00:00.000000Z,7.929931454,8.126473884833333
2021-06-08T20:00:00.000000Z,8.279512566,8.128012478833334
2021-06-08T21:00:00.000000Z,7.881188119,8.120947832645834
2021-06-08T22:00:00.000000Z,8.316070068,8.111538576999997
2021-06-08T23:00:00.000000Z,7.910891089,8.116637390458333
2021-06-09T00:00:00.000000Z,8.029084158,8.126448694374997
2021-06-09T01:00:00.000000Z,8.415259173,8.134249177458333
2021-06-09T02:00:00.000000Z,8.106930693,8.139905730520832
2021-06-09T03:00:00.000000Z,7.806223479,8.1413275245
2021-06-09T04:00:00.000000Z,8.51980198,8.137806045770834
2021-06-09T05:00:00.000000Z,8.17136329,8.1368900370625
2021-06-09T06:00:00.000000Z,8.003094059,8.137155742708334
2021-06-09T07:00:00.000000Z,7.942923704,8.14182294620833
2021-06-09T08:00:00.000000Z,7.988778878,8.140907755268236
2021-06-09T09:00:00.000000Z,7.978341584,8.142386340427702
2021-06-09T10:00:00.000000Z,8.067986799,8.143864925587167
2021-06-09T11:00:00.000000Z,8.166195191,8.145343510746633
2021-06-09T12:00:00.000000Z,8.249809596,8.146822095906098
2021-06-09T13:00:00.000000Z,8.153174141,8.148300681065564
2021-06-09T14:00:00.000000Z,8.145214522,8.149779266225028
2021-06-09T15:00:00.000000Z,8.050330033,8.151257851384495
2021-06-09T16:00:00.000000Z,8.099592312,8.152736436543961
2021-06-09T17:00:00.000000Z,8.074638233,8.154215021703425
2021-06-09T18:00:00.000000Z,8.971820259,8.155693606862892
2021-06-09T19:00:00.000000Z,8.221122112,8.157172192022358
